-- MySQL dump 10.13  Distrib 5.7.23, for Linux (x86_64)
--
-- Host: localhost    Database: laptop
-- ------------------------------------------------------
-- Server version	5.7.23-0ubuntu0.18.04.1

/*!40101 SET @OLD_CHARACTER_SET_CLIENT=@@CHARACTER_SET_CLIENT */;
/*!40101 SET @OLD_CHARACTER_SET_RESULTS=@@CHARACTER_SET_RESULTS */;
/*!40101 SET @OLD_COLLATION_CONNECTION=@@COLLATION_CONNECTION */;
/*!40101 SET NAMES utf8 */;
/*!40103 SET @OLD_TIME_ZONE=@@TIME_ZONE */;
/*!40103 SET TIME_ZONE='+00:00' */;
/*!40014 SET @OLD_UNIQUE_CHECKS=@@UNIQUE_CHECKS, UNIQUE_CHECKS=0 */;
/*!40014 SET @OLD_FOREIGN_KEY_CHECKS=@@FOREIGN_KEY_CHECKS, FOREIGN_KEY_CHECKS=0 */;
/*!40101 SET @OLD_SQL_MODE=@@SQL_MODE, SQL_MODE='NO_AUTO_VALUE_ON_ZERO' */;
/*!40111 SET @OLD_SQL_NOTES=@@SQL_NOTES, SQL_NOTES=0 */;

--
-- Table structure for table `branch`
--

DROP TABLE IF EXISTS `branch`;
/*!40101 SET @saved_cs_client     = @@character_set_client */;
/*!40101 SET character_set_client = utf8 */;
CREATE TABLE `branch` (
  `id` int(10) unsigned NOT NULL AUTO_INCREMENT,
  `shop_id` int(10) unsigned NOT NULL,
  `location` varchar(255) COLLATE utf8mb4_unicode_ci NOT NULL,
  `address` varchar(255) COLLATE utf8mb4_unicode_ci NOT NULL,
  `phone` varchar(255) COLLATE utf8mb4_unicode_ci NOT NULL,
  `image` varchar(255) COLLATE utf8mb4_unicode_ci DEFAULT NULL,
  `email` varchar(255) COLLATE utf8mb4_unicode_ci DEFAULT NULL,
  `created_at` timestamp NULL DEFAULT NULL,
  `updated_at` timestamp NULL DEFAULT NULL,
  PRIMARY KEY (`id`),
  KEY `branch_shop_id_foreign` (`shop_id`),
  CONSTRAINT `branch_shop_id_foreign` FOREIGN KEY (`shop_id`) REFERENCES `shops` (`id`) ON DELETE CASCADE
) ENGINE=InnoDB AUTO_INCREMENT=26 DEFAULT CHARSET=utf8mb4 COLLATE=utf8mb4_unicode_ci;
/*!40101 SET character_set_client = @saved_cs_client */;

--
-- Dumping data for table `branch`
--

LOCK TABLES `branch` WRITE;
/*!40000 ALTER TABLE `branch` DISABLE KEYS */;
INSERT INTO `branch` VALUES (1,1,'Myay Ni Gone','No 331, Pyi Road, Near Myanmar Myaing bus-stop','01503511, 503522','images/1532750222.kmd.jpg',NULL,'2018-07-27 21:27:02','2018-07-27 21:27:02'),(2,1,'Pan Soe Dan','174-182 , Pan Soe Dan Road (middle block)','01245180,01385177,01381035','images/1532750345.kmd.jpg',NULL,'2018-07-27 21:29:05','2018-07-27 21:29:05'),(3,1,'လမ္းမေတာ္','၉ ၀၊ လွည္းတန္းလမ္း၊ လမ္းမေတာ္ျမိဳ့နယ္','၀၁၂၃၀၃၀၈၂','images/1532750440.kmd.jpg',NULL,'2018-07-27 21:30:40','2018-07-27 21:31:11'),(4,2,'Kyauktada Tsp','No.186-188, Maha Bandoola Garden Street (Middle Block)','01 376 566','images/1532751937.citicom.jpg',NULL,'2018-07-27 21:55:37','2018-07-27 21:58:15'),(6,1,'Myay Ni Gone','Myay Ni Gone','09799855210',NULL,'ayenyein@gmail.com','2018-08-19 07:36:59','2018-08-19 07:36:59'),(7,1,'Myay Ni Gone','myay ni gone','09425372234',NULL,NULL,'2018-08-19 21:22:30','2018-08-19 21:22:30'),(8,3,'Pansodan','No 261 Pansodan Road (Upper Block) Between Anawrahta and Bogyoke Road, Township, Yangon 11182','09 731 71212','images/1536738294.Screenshotfrom2018-09-1214-11-15.png',NULL,'2018-09-12 01:14:54','2018-09-12 01:14:54'),(9,9,'Bahan','No. 153, U Chit Maung Street, Yangon','09 253 358 885','images/1536740503.Screenshotfrom2018-09-1214-48-22.png',NULL,'2018-09-12 01:51:43','2018-09-12 01:51:43'),(10,3,'Bahan','No 171 U Chit Maung Road Near U Chit Maung Housing Kyaikkasan South Ward, Township, Yangon 11201','09 45520 9300','images/1536743024.Screenshotfrom2018-09-1215-33-28.png',NULL,'2018-09-12 02:33:44','2018-09-12 02:33:44'),(11,3,'Kyauktada','No.194 Seikkanthar Street (Middle Block) Between Mahabandoola and Anawrahta Road, Kyauktada Township, Yangon 11182','01 398 436','images/1536743272.Screenshotfrom2018-09-1215-37-25.png',NULL,'2018-09-12 02:37:52','2018-09-12 02:37:52'),(12,3,'Thin Gyan Kyun','No 33 LayDaunkKan Road, YangonThin','09 45520 9600','images/1536743436.download.jpeg',NULL,'2018-09-12 02:40:36','2018-09-12 02:40:36'),(13,4,'Myanmar Plaza','Myanmar Plaza','09 45052 2250','images/1536743543.banana.png',NULL,'2018-09-12 02:42:23','2018-09-12 02:42:36'),(14,1,'Thamine','Thamine , Insein Road','09 254 839 204',NULL,NULL,'2018-09-12 02:46:18','2018-09-12 02:46:18'),(15,5,'Kyauktada','No.162 – 170 36th Street (middle block, Yangon','09 254 839 225',NULL,NULL,'2018-09-12 02:47:38','2018-09-12 02:47:38'),(16,5,'City MAll St.John','City MAll St.John','09 952 102050','images/1536743998.Screenshotfrom2018-09-1215-48-56.png',NULL,'2018-09-12 02:49:58','2018-09-12 02:49:58'),(17,6,'Bo ta daung','Room No. 1, 1st floor,, No. 10, 46th Street, BOTATAUNG TOWNSHIP, Yangon','01 901 0758','images/1536744114.Screenshotfrom2018-09-1214-25-46.png',NULL,'2018-09-12 02:51:54','2018-09-12 02:51:54'),(18,7,'Kyauktada','364/366 Maha Bandula Park St, Yangon','01 380 900','images/1536744236.Screenshotfrom2018-09-1215-53-31.png',NULL,'2018-09-12 02:53:56','2018-09-12 02:53:56'),(19,8,'Kyauktada','No. 189, Seikkantha Street ( Middle Block )., Seikkantha Street, Yangon 11182','09 45001 2695','images/1536744378.Screenshotfrom2018-09-1214-44-26.png',NULL,'2018-09-12 02:56:18','2018-09-12 02:56:18'),(20,10,'Kyauktada','Seik Kan Thar St, Yangon','01 388 654','images/1536744477.Screenshotfrom2018-09-1214-58-31.png',NULL,'2018-09-12 02:57:58','2018-09-12 02:57:58'),(21,11,'Kyauktada','no (106,107). theikkanthar street (Lower Block). Kyauktada Township','0973148257',NULL,NULL,'2018-09-12 03:06:20','2018-09-12 03:06:20'),(22,12,'Kyauktada','no 170, Seikkanthar Street (Middle Block), Kyauktada Township, Yangon.','09951516666','images/1536745302.18275215_1318292594913530_8206134641570214214_n.jpg',NULL,'2018-09-12 03:11:42','2018-09-12 03:11:42'),(23,13,'Hledan','NO. 52 , Yangon-Insein Road, Bet. Hledan & San Yeik Nyein, Kamayut\r\nYangon','(01 ) 524786,534983','images/1536809049.Screenshotfrom2018-09-1309-52-23.png',NULL,'2018-09-12 20:54:09','2018-09-12 20:54:09'),(24,14,'Kyauktada','no.202, Middle Seikkantha Street, Yangon','01 388 918','images/1536809249.33849147_1005075202988246_4947555037954965504_n.jpg',NULL,'2018-09-12 20:57:29','2018-09-12 20:57:29'),(25,15,'Kyauktada','208/A/B, Seikkanthar St., Upper Middle Block, Kyauktada Township','09-73013836, 09-762010107',NULL,'kacfax@gmail.com','2018-09-12 21:17:06','2018-09-12 21:17:06');
/*!40000 ALTER TABLE `branch` ENABLE KEYS */;
UNLOCK TABLES;

--
-- Table structure for table `items`
--

DROP TABLE IF EXISTS `items`;
/*!40101 SET @saved_cs_client     = @@character_set_client */;
/*!40101 SET character_set_client = utf8 */;
CREATE TABLE `items` (
  `id` int(10) unsigned NOT NULL AUTO_INCREMENT,
  `shop_id` int(10) unsigned NOT NULL,
  `branch_id` int(10) unsigned NOT NULL,
  `brand` varchar(255) COLLATE utf8mb4_unicode_ci NOT NULL,
  `model` varchar(255) COLLATE utf8mb4_unicode_ci NOT NULL,
  `cpu` varchar(100) COLLATE utf8mb4_unicode_ci DEFAULT NULL,
  `price` int(11) NOT NULL,
  `memory` varchar(100) COLLATE utf8mb4_unicode_ci DEFAULT NULL,
  `hardisk` varchar(100) COLLATE utf8mb4_unicode_ci DEFAULT NULL,
  `display` varchar(100) COLLATE utf8mb4_unicode_ci DEFAULT NULL,
  `camera` varchar(100) COLLATE utf8mb4_unicode_ci DEFAULT NULL,
  `vga` varchar(25) COLLATE utf8mb4_unicode_ci DEFAULT NULL,
  `color` varchar(25) COLLATE utf8mb4_unicode_ci DEFAULT NULL,
  `battery` varchar(255) COLLATE utf8mb4_unicode_ci DEFAULT NULL,
  `image` varchar(255) COLLATE utf8mb4_unicode_ci NOT NULL,
  `created_at` timestamp NULL DEFAULT NULL,
  `updated_at` timestamp NULL DEFAULT NULL,
  PRIMARY KEY (`id`),
  KEY `items_shop_id_foreign` (`shop_id`),
  KEY `items_branch_id_foreign` (`branch_id`),
  CONSTRAINT `items_branch_id_foreign` FOREIGN KEY (`branch_id`) REFERENCES `branch` (`id`) ON DELETE CASCADE,
  CONSTRAINT `items_shop_id_foreign` FOREIGN KEY (`shop_id`) REFERENCES `shops` (`id`) ON DELETE CASCADE
) ENGINE=InnoDB AUTO_INCREMENT=1030 DEFAULT CHARSET=utf8mb4 COLLATE=utf8mb4_unicode_ci;
/*!40101 SET character_set_client = @saved_cs_client */;

--
-- Dumping data for table `items`
--

LOCK TABLES `items` WRITE;
/*!40000 ALTER TABLE `items` DISABLE KEYS */;
INSERT INTO `items` VALUES (1,1,1,'Lenovo','Ideapad 120s-11IAP','Celeron N3350',269,'4GB RAM','500GB HD','11.6\" Display',NULL,'1 slots','Black','2 Cells Battery','images/1533838643.ideapad120s-11iap.png','2018-07-27 22:32:47','2018-08-09 11:47:23'),(2,1,1,'Lenovo','Ideapad 320-14IKBN','Celeron N3350',309,'4GB RAM','500GB HD','14\" Display',NULL,'2slots','Grey','3 Cells Battery','images/1533838666.ideapad320-14ikbn.....grey.jpg','2018-07-27 22:34:04','2018-08-09 11:47:46'),(3,1,1,'Lenovo','Ideapad 320-14AST','A4-9120 Processor',309,'4GB RAM','500GB HD','14\" Display',NULL,'1 slots','Black','2 Cells Battery','images/1533838685.ideapad320-14AST.jpg','2018-07-27 22:34:58','2018-08-09 11:48:05'),(4,1,1,'Dell','Inspiron 3567','Core i3-6006U',399,'4GB RAM','1TB HD','15.6\" Display',NULL,'2slots','Black','4 Cells Battery','images/1533838734.inspiron3567.png','2018-07-27 22:37:27','2018-08-09 11:48:54'),(5,1,1,'Dell','Inspiron 3462','Pentium N4200',359,'4GB RAM','500GB HDD','14\" Display',NULL,'1 slots','Black','4 Cells Battery','images/1533838755.inspiron3462.jpg','2018-07-27 22:38:39','2018-08-09 11:49:15'),(6,1,1,'Acer','ES1432','Celeron N3350',299,'4GB RAM','500GB HDD','14\" Display',NULL,'1 slots','Black','4 Cells Battery','images/1533838784.ES1432.....302.jpeg','2018-07-29 02:35:20','2018-08-09 11:49:44'),(7,1,1,'Acer','ES1432','Pentium N4200',335,'4GB RAM','500GB HDD','14\" Display',NULL,'2slots','Black','4 Cells Battery','images/1533838807.ES1432.......337.jpg','2018-07-29 02:36:33','2018-08-09 11:50:07'),(8,1,1,'MSI','GS63 7RD','Core i7 7700 HQ',1100,'8GB RAM','1TB HDD','15.6\" Display',NULL,'2slots','Black','3 Cells Battery','images/1533838830.msiGS637RD.png','2018-07-29 02:40:25','2018-08-09 11:50:30'),(9,1,1,'MSI','PL62 7RC','Core i7 7700 HQ',799,'8GB RAM','1TB HDD','15.6\" Display',NULL,'2slots','White','6 Cells Battery','images/1533838873.msiPL627RC.jpeg','2018-07-29 02:41:39','2018-08-09 11:51:13'),(10,1,1,'Hp','14-bs579TU','Core i3-6006U',399,'4GB RAM','500GB HDD','14\" Display',NULL,'1 slots','Jet Black','4 Cells Battery','images/1533838901.HP14-bss579TU....jetblack.png','2018-07-29 02:48:34','2018-08-09 11:51:41'),(11,1,1,'Hp','14-bs076TX','Core i3-6006U',399,'4GB RAM','500GB HDD','14\" Display',NULL,'2slots','Black','4 Cells Battery','images/1533838925.HP14-bs076TX.png','2018-07-29 02:50:07','2018-08-09 11:52:05'),(12,1,1,'Asus','X441NA','Celeron N3350',299,'4GB RAM','500GB HDD','14\" Display',NULL,'1 slots','Red','3 Cells Battery','images/1533838962.X441NA-BX403T.png','2018-07-29 02:51:39','2018-08-09 11:52:42'),(13,1,1,'Asus','X541NA','Celeron N3350',309,'4GB RAM','500GB HDD','15.6\" Display',NULL,'1 slots','Grey','3 Cells Battery','images/1533838979.X541.jpg','2018-07-29 02:52:37','2018-08-09 11:52:59'),(60,1,1,'MSI','GS63 7RD','Core i7 7700 HQ',1112,'8GB RAM','1TB HDD','15.6\" Display',NULL,'2slots','Black','3 Cells Battery','images/1533828107.msi.png','2018-07-29 02:40:25','2018-08-09 08:51:48'),(65,1,1,'Asus','X541NA','Celeron N3350',312,'4GB RAM','500GB HDD','15.6\" Display',NULL,'1 slots','Grey','3 Cells Battery','images/1532856157.asus.jpg','2018-07-29 02:52:37','2018-08-09 08:26:13'),(66,1,1,'Samsung','Samsung  Galaxy Tab J','1.5GHz Quad-C',259000,'1.5GB RAM , 8GB Internal',NULL,'7.0\"','5MP+2MP',NULL,NULL,'4000mAh','images/1533789457.samsung-galaxy-j-tablet.jpg','2018-08-08 22:07:13','2018-08-08 22:09:00'),(67,1,1,'Huawei','Huawei T3','1.4GHz Quad-C',269000,'2GB RAM, 16GB Internal',NULL,'10.0\"','8MP + 5MP',NULL,NULL,'4800mAh','images/1533789884.huawei-mediapad-t3-10.jpg','2018-08-08 22:14:44','2018-08-08 22:14:44'),(68,1,1,'Huawei','Huawei M3 Lite','2.3GHz Octa-C',379000,'3GB RAM, 32GB Internal',NULL,'8.0\"','8MP/8MP',NULL,NULL,'4800mAh','images/1533790123.huawei-mediapad-m3-8-lite-1.jpg','2018-08-08 22:18:43','2018-08-08 22:18:43'),(69,1,1,'Huawei','Huawei T1','1.2GHz Quad-C',119000,'1GB RAM, 8GB Internal',NULL,'7.0\"','2MP/2MP',NULL,NULL,'4100mAh','images/1533790317.huawei-mediapad-t1-70-1.jpg','2018-08-08 22:21:57','2018-08-08 22:21:57'),(70,1,1,'Huawei','Huawei T3 7\"','1.3GHz Quad-C',125000,'1GB RAM, 8GB Internal',NULL,'7.0\"','2MP/2MP',NULL,NULL,'3100mAh','images/1533790478.huawei-mediapad-t3-7.jpg','2018-08-08 22:24:38','2018-08-08 22:24:38'),(71,1,1,'Huawei','Huawei T3 8\"','1.3GHz Quad-C',185000,'2GB RAM, 16GB Internal',NULL,'8.0\"','2MP/2MP',NULL,NULL,'4800mAh','images/1533790607.huawei-mediapad-t3-8-5.jpg','2018-08-08 22:26:47','2018-08-08 22:26:47'),(72,1,1,'Oppo','Oppo A37','1.5GHz Quad-C',169000,'2GB RAM, 16GB Internal',NULL,'5\"','8MP/5MP',NULL,NULL,'2630mAh','images/1533790777.oppo-a37-1.jpg','2018-08-08 22:29:37','2018-08-08 22:29:37'),(73,1,1,'Samsung','Samsung J2 (Pro)','1.4GHz Quad-C',182000,'1.5GB RAM , 16GB Internal',NULL,'5\"','8MP/5MP',NULL,NULL,'2600mAh','images/1533790918.samsung-galaxy-j2-sm-j250-0.jpg','2018-08-08 22:31:58','2018-08-08 22:31:58'),(74,1,1,'Samsung','Samsung J2 (Prime)','1.2GHz Quad-C',159000,'1.5GB RAM , 8GB Internal',NULL,'5\"','8MP',NULL,NULL,'2600mAh','images/1533791041.samsung-galaxy-j2-prime-2016-2.jpg','2018-08-08 22:34:01','2018-08-08 22:34:01'),(75,1,1,'Samsung','Samsung On7','1.4GHz Quad-C',159000,'1.5GB RAM , 8GB Internal',NULL,'5.5\"','13MP',NULL,NULL,'3000mAh','images/1533791265.samsung-galaxy-on7-1.jpg','2018-08-08 22:37:45','2018-08-08 22:37:45'),(76,1,1,'Vivo','Vivo Y53','1.4GHz Quad-C',169000,'2GB RAM, 16GB Internal',NULL,'5\"','8MP/5MP',NULL,NULL,'2500mAh','images/1533791672.vivo-y53-1.jpg','2018-08-08 22:44:32','2018-08-08 22:44:32'),(77,1,1,'Samsung','Samsung Galaxy S8+','Octa-Core',1055000,'4GB RAM, 64GB Internal',NULL,'6.2\"',NULL,NULL,NULL,'3500mAh','images/1533800537.samsung-galaxy-s8-plus-.jpg','2018-08-09 01:12:17','2018-08-09 01:12:17'),(78,1,1,'Samsung','Samsung A8(2018)','2.2GHz Dual + 1.6Hz hexa',615000,'4GB RAM, 32GB Internal',NULL,'5.6\"',NULL,NULL,NULL,'3000mAh','images/1533800789.samsung-galaxy-a8-a530f-2.jpg','2018-08-09 01:16:29','2018-08-09 01:16:29'),(79,1,1,'Huawei','Huawei Nova 2i','2.36GHz Octa-C',339000,'4GB RAM, 64GB Internal',NULL,'5.5\"','16+2MP/13+2MP',NULL,NULL,NULL,'images/1533801023.download(1).jpeg','2018-08-09 01:20:23','2018-08-09 01:20:23'),(80,1,1,'Huawei','Huawei P10 Plus','2.4GHz Octa-C',799000,'4GB RAM, 64GB Internal',NULL,'5.5\"','20+12MP/8MP Leica',NULL,NULL,'3750mAh','images/1533801206.huawei-p10-plus-r1.jpg','2018-08-09 01:23:26','2018-08-09 01:23:26'),(81,1,1,'Vivo','Vivo v7 Plus','1.8GHz Octa-C',399000,'4GB RAM, 64GB Internal',NULL,'5.99\"','16MP/24Mp',NULL,NULL,'3225mAh','images/1533801453.vivo-v7-plus-0.jpg','2018-08-09 01:27:33','2018-08-09 01:27:33'),(82,1,1,'Vivo','Vivo V7','1.8GHz Octa-C',299000,'4GB RAM, 32GB Internal',NULL,'5.7\"','16MP/24Mp',NULL,NULL,'3000mAh','images/1533801654.vivo-v7-1.jpg','2018-08-09 01:30:54','2018-08-09 01:30:54'),(83,1,1,'Vivo','Vivo Y65','Snapdragon 1.4GHz',259000,'3GB RAM, 16GB Internl',NULL,'5.2\"','13MP/5MP',NULL,NULL,'3000mAh','images/1533801919.vivo-y65-1.jpg','2018-08-09 01:35:20','2018-08-09 01:35:20'),(84,1,1,'Xiaomi','Xiaomi MI A1','2.0GHz Octa-C',319000,'4GB RAM, 64GB Internal',NULL,'5.5\"','12MP/5MP',NULL,NULL,'3080mAh','images/1533802096.xiaomi-mi-a1-3.jpg','2018-08-09 01:38:16','2018-08-09 01:38:16'),(85,1,1,'Xiaomi','Xiaomi Note 4','2.5GHz Quad-C',239000,'4GB RAM, 64GB Internal',NULL,'5.5\"','13MP',NULL,NULL,'4100mAh','images/1533802233.xiaomi-redmi-note4-sn-1.jpg','2018-08-09 01:40:33','2018-08-09 01:40:33'),(86,1,1,'Xiaomi','Xiaomi Note 5A (Prime)','1.4GHZ Octa-C',169000,'3GB RAM, 32GB Internal',NULL,'5.5\"','13MP/16MP',NULL,NULL,'3080mAh','images/1533802387.xiaomi-redmi-note-5a-2.jpg','2018-08-09 01:43:07','2018-08-09 01:43:07'),(87,1,1,'Xiaomi','Xiaomi MI 4A','425GHz Quad-C',140000,'2GB RAM, 32GB Internal',NULL,'5\"','13MP/5MP',NULL,NULL,'3120mAh','images/1533802538.xiaomi-redmi-4a-2.jpg','2018-08-09 01:45:38','2018-08-09 01:45:38'),(88,1,1,'Oppo','Oppo F5','2.0GHz Octa-C',369000,'4GB RAM, 32GB Internal',NULL,'6\"','20MP+16MP',NULL,NULL,'3200mAh','images/1533803005.oppo-f5-youth-a73-1.jpg','2018-08-09 01:53:25','2018-08-09 01:53:25'),(89,1,1,'Oppo','Oppp F5 Youth','2.5GHz Octa-C',319000,'3GB RAM, 32GB Internal',NULL,'6\"','16MP',NULL,NULL,'3200mAh','images/1533803180.oppo-f5-youth-a73-1.jpg','2018-08-09 01:56:20','2018-08-09 01:56:20'),(90,1,1,'Other','Canon, LBP 2900',NULL,193000,NULL,NULL,NULL,NULL,NULL,NULL,NULL,'images/1533806429.download(2).jpeg','2018-08-09 02:50:29','2018-08-09 02:50:29'),(91,1,1,'Other','Fuji xerox, M115Z',NULL,210,NULL,NULL,NULL,NULL,NULL,NULL,NULL,'images/1533806598.download(3).jpeg','2018-08-09 02:53:18','2018-08-09 02:53:18'),(92,1,1,'Other','Fuji Xerox, M265Z',NULL,368,NULL,NULL,NULL,NULL,NULL,NULL,NULL,'images/1533806742.images.jpeg','2018-08-09 02:55:42','2018-08-09 02:55:42'),(93,1,1,'Other','Lenovo, Think E1922S 18.5\" Monitor',NULL,94,NULL,NULL,NULL,NULL,NULL,NULL,NULL,'images/1533806828.download(4).jpeg','2018-08-09 02:57:08','2018-08-09 02:57:08'),(94,1,2,'Lenovo','Ideapad 120s-11IAP','Celeron N3350',269,'4GB RAM','500GB HD','11.6\" Display',NULL,'1 slots','Black','2 Cells Battery','images/1533838643.ideapad120s-11iap.png','2018-07-27 16:02:47','2018-08-09 05:17:23'),(95,1,2,'Lenovo','Ideapad 320-14IKBN','Celeron N3350',309,'4GB RAM','500GB HD','14\" Display',NULL,'2slots','Grey','3 Cells Battery','images/1533838666.ideapad320-14ikbn.....grey.jpg','2018-07-27 16:04:04','2018-08-09 05:17:46'),(96,1,2,'Lenovo','Ideapad 320-14AST','A4-9120 Processor',309,'4GB RAM','500GB HD','14\" Display',NULL,'1 slots','Black','2 Cells Battery','images/1533838685.ideapad320-14AST.jpg','2018-07-27 16:04:58','2018-08-09 05:18:05'),(97,1,2,'Dell','Inspiron 3567','Core i3-6006U',399,'4GB RAM','1TB HD','15.6\" Display',NULL,'2slots','Black','4 Cells Battery','images/1533838734.inspiron3567.png','2018-07-27 16:07:27','2018-08-09 05:18:54'),(98,1,2,'Dell','Inspiron 3462','Pentium N4200',359,'4GB RAM','500GB HDD','14\" Display',NULL,'1 slots','Black','4 Cells Battery','images/1533838755.inspiron3462.jpg','2018-07-27 16:08:39','2018-08-09 05:19:15'),(99,1,2,'Acer','ES1432','Celeron N3350',299,'4GB RAM','500GB HDD','14\" Display',NULL,'1 slots','Black','4 Cells Battery','images/1533838784.ES1432.....302.jpeg','2018-07-28 20:05:20','2018-08-09 05:19:44'),(100,1,2,'Acer','ES1432','Pentium N4200',335,'4GB RAM','500GB HDD','14\" Display',NULL,'2slots','Black','4 Cells Battery','images/1533838807.ES1432.......337.jpg','2018-07-28 20:06:33','2018-08-09 05:20:07'),(101,1,2,'MSI','GS63 7RD','Core i7 7700 HQ',1100,'8GB RAM','1TB HDD','15.6\" Display',NULL,'2slots','Black','3 Cells Battery','images/1533838830.msiGS637RD.png','2018-07-28 20:10:25','2018-08-09 05:20:30'),(102,1,2,'MSI','PL62 7RC','Core i7 7700 HQ',799,'8GB RAM','1TB HDD','15.6\" Display',NULL,'2slots','White','6 Cells Battery','images/1533838873.msiPL627RC.jpeg','2018-07-28 20:11:39','2018-08-09 05:21:13'),(103,1,2,'Hp','14-bs579TU','Core i3-6006U',399,'4GB RAM','500GB HDD','14\" Display',NULL,'1 slots','Jet Black','4 Cells Battery','images/1533838901.HP14-bss579TU....jetblack.png','2018-07-28 20:18:34','2018-08-09 05:21:41'),(104,1,2,'Hp','14-bs076TX','Core i3-6006U',399,'4GB RAM','500GB HDD','14\" Display',NULL,'2slots','Black','4 Cells Battery','images/1533838925.HP14-bs076TX.png','2018-07-28 20:20:07','2018-08-09 05:22:05'),(105,1,2,'Asus','X441NA','Celeron N3350',299,'4GB RAM','500GB HDD','14\" Display',NULL,'1 slots','Red','3 Cells Battery','images/1533838962.X441NA-BX403T.png','2018-07-28 20:21:39','2018-08-09 05:22:42'),(106,1,2,'Asus','X541NA','Celeron N3350',309,'4GB RAM','500GB HDD','15.6\" Display',NULL,'1 slots','Grey','3 Cells Battery','images/1533838979.X541.jpg','2018-07-28 20:22:37','2018-08-09 05:22:59'),(107,1,2,'MSI','GS63 7RD','Core i7 7700 HQ',1112,'8GB RAM','1TB HDD','15.6\" Display',NULL,'2slots','Black','3 Cells Battery','images/1533828107.msi.png','2018-07-28 20:10:25','2018-08-09 02:21:48'),(108,1,2,'Asus','X541NA','Celeron N3350',312,'4GB RAM','500GB HDD','15.6\" Display',NULL,'1 slots','Grey','3 Cells Battery','images/1532856157.asus.jpg','2018-07-28 20:22:37','2018-08-09 01:56:13'),(109,1,2,'Samsung','Samsung  Galaxy Tab J','1.5GHz Quad-C',259000,'1.5GB RAM , 8GB Internal',NULL,'7.0\"','5MP+2MP',NULL,NULL,'4000mAh','images/1533789457.samsung-galaxy-j-tablet.jpg','2018-08-08 15:37:13','2018-08-08 15:39:00'),(110,1,2,'Huawei','Huawei T3','1.4GHz Quad-C',269000,'2GB RAM, 16GB Internal',NULL,'10.0\"','8MP + 5MP',NULL,NULL,'4800mAh','images/1533789884.huawei-mediapad-t3-10.jpg','2018-08-08 15:44:44','2018-08-08 15:44:44'),(111,1,2,'Huawei','Huawei M3 Lite','2.3GHz Octa-C',379000,'3GB RAM, 32GB Internal',NULL,'8.0\"','8MP/8MP',NULL,NULL,'4800mAh','images/1533790123.huawei-mediapad-m3-8-lite-1.jpg','2018-08-08 15:48:43','2018-08-08 15:48:43'),(112,1,2,'Huawei','Huawei T1','1.2GHz Quad-C',119000,'1GB RAM, 8GB Internal',NULL,'7.0\"','2MP/2MP',NULL,NULL,'4100mAh','images/1533790317.huawei-mediapad-t1-70-1.jpg','2018-08-08 15:51:57','2018-08-08 15:51:57'),(113,1,2,'Huawei','Huawei T3 7\"','1.3GHz Quad-C',125000,'1GB RAM, 8GB Internal',NULL,'7.0\"','2MP/2MP',NULL,NULL,'3100mAh','images/1533790478.huawei-mediapad-t3-7.jpg','2018-08-08 15:54:38','2018-08-08 15:54:38'),(114,1,2,'Huawei','Huawei T3 8\"','1.3GHz Quad-C',185000,'2GB RAM, 16GB Internal',NULL,'8.0\"','2MP/2MP',NULL,NULL,'4800mAh','images/1533790607.huawei-mediapad-t3-8-5.jpg','2018-08-08 15:56:47','2018-08-08 15:56:47'),(115,1,2,'Oppo','Oppo A37','1.5GHz Quad-C',169000,'2GB RAM, 16GB Internal',NULL,'5\"','8MP/5MP',NULL,NULL,'2630mAh','images/1533790777.oppo-a37-1.jpg','2018-08-08 15:59:37','2018-08-08 15:59:37'),(116,1,2,'Samsung','Samsung J2 (Pro)','1.4GHz Quad-C',182000,'1.5GB RAM , 16GB Internal',NULL,'5\"','8MP/5MP',NULL,NULL,'2600mAh','images/1533790918.samsung-galaxy-j2-sm-j250-0.jpg','2018-08-08 16:01:58','2018-08-08 16:01:58'),(117,1,2,'Samsung','Samsung J2 (Prime)','1.2GHz Quad-C',159000,'1.5GB RAM , 8GB Internal',NULL,'5\"','8MP',NULL,NULL,'2600mAh','images/1533791041.samsung-galaxy-j2-prime-2016-2.jpg','2018-08-08 16:04:01','2018-08-08 16:04:01'),(118,1,2,'Samsung','Samsung On7','1.4GHz Quad-C',159000,'1.5GB RAM , 8GB Internal',NULL,'5.5\"','13MP',NULL,NULL,'3000mAh','images/1533791265.samsung-galaxy-on7-1.jpg','2018-08-08 16:07:45','2018-08-08 16:07:45'),(119,1,2,'Vivo','Vivo Y53','1.4GHz Quad-C',169000,'2GB RAM, 16GB Internal',NULL,'5\"','8MP/5MP',NULL,NULL,'2500mAh','images/1533791672.vivo-y53-1.jpg','2018-08-08 16:14:32','2018-08-08 16:14:32'),(120,1,2,'Samsung','Samsung Galaxy S8+','Octa-Core',1055000,'4GB RAM, 64GB Internal',NULL,'6.2\"',NULL,NULL,NULL,'3500mAh','images/1533800537.samsung-galaxy-s8-plus-.jpg','2018-08-08 18:42:17','2018-08-08 18:42:17'),(121,1,2,'Samsung','Samsung A8(2018)','2.2GHz Dual + 1.6Hz hexa',615000,'4GB RAM, 32GB Internal',NULL,'5.6\"',NULL,NULL,NULL,'3000mAh','images/1533800789.samsung-galaxy-a8-a530f-2.jpg','2018-08-08 18:46:29','2018-08-08 18:46:29'),(122,1,2,'Huawei','Huawei Nova 2i','2.36GHz Octa-C',339000,'4GB RAM, 64GB Internal',NULL,'5.5\"','16+2MP/13+2MP',NULL,NULL,NULL,'images/1533801023.download(1).jpeg','2018-08-08 18:50:23','2018-08-08 18:50:23'),(123,1,2,'Huawei','Huawei P10 Plus','2.4GHz Octa-C',799000,'4GB RAM, 64GB Internal',NULL,'5.5\"','20+12MP/8MP Leica',NULL,NULL,'3750mAh','images/1533801206.huawei-p10-plus-r1.jpg','2018-08-08 18:53:26','2018-08-08 18:53:26'),(124,1,2,'Vivo','Vivo v7 Plus','1.8GHz Octa-C',399000,'4GB RAM, 64GB Internal',NULL,'5.99\"','16MP/24Mp',NULL,NULL,'3225mAh','images/1533801453.vivo-v7-plus-0.jpg','2018-08-08 18:57:33','2018-08-08 18:57:33'),(125,1,2,'Vivo','Vivo V7','1.8GHz Octa-C',299000,'4GB RAM, 32GB Internal',NULL,'5.7\"','16MP/24Mp',NULL,NULL,'3000mAh','images/1533801654.vivo-v7-1.jpg','2018-08-08 19:00:54','2018-08-08 19:00:54'),(126,1,2,'Vivo','Vivo Y65','Snapdragon 1.4GHz',259000,'3GB RAM, 16GB Internl',NULL,'5.2\"','13MP/5MP',NULL,NULL,'3000mAh','images/1533801919.vivo-y65-1.jpg','2018-08-08 19:05:20','2018-08-08 19:05:20'),(127,1,2,'Xiaomi','Xiaomi MI A1','2.0GHz Octa-C',319000,'4GB RAM, 64GB Internal',NULL,'5.5\"','12MP/5MP',NULL,NULL,'3080mAh','images/1533802096.xiaomi-mi-a1-3.jpg','2018-08-08 19:08:16','2018-08-08 19:08:16'),(128,1,2,'Xiaomi','Xiaomi Note 4','2.5GHz Quad-C',239000,'4GB RAM, 64GB Internal',NULL,'5.5\"','13MP',NULL,NULL,'4100mAh','images/1533802233.xiaomi-redmi-note4-sn-1.jpg','2018-08-08 19:10:33','2018-08-08 19:10:33'),(129,1,2,'Xiaomi','Xiaomi Note 5A (Prime)','1.4GHZ Octa-C',169000,'3GB RAM, 32GB Internal',NULL,'5.5\"','13MP/16MP',NULL,NULL,'3080mAh','images/1533802387.xiaomi-redmi-note-5a-2.jpg','2018-08-08 19:13:07','2018-08-08 19:13:07'),(130,1,2,'Xiaomi','Xiaomi MI 4A','425GHz Quad-C',140000,'2GB RAM, 32GB Internal',NULL,'5\"','13MP/5MP',NULL,NULL,'3120mAh','images/1533802538.xiaomi-redmi-4a-2.jpg','2018-08-08 19:15:38','2018-08-08 19:15:38'),(131,1,2,'Oppo','Oppo F5','2.0GHz Octa-C',369000,'4GB RAM, 32GB Internal',NULL,'6\"','20MP+16MP',NULL,NULL,'3200mAh','images/1533803005.oppo-f5-youth-a73-1.jpg','2018-08-08 19:23:25','2018-08-08 19:23:25'),(132,1,2,'Oppo','Oppp F5 Youth','2.5GHz Octa-C',319000,'3GB RAM, 32GB Internal',NULL,'6\"','16MP',NULL,NULL,'3200mAh','images/1533803180.oppo-f5-youth-a73-1.jpg','2018-08-08 19:26:20','2018-08-08 19:26:20'),(133,1,2,'Other','Canon, LBP 2900',NULL,193000,NULL,NULL,NULL,NULL,NULL,NULL,NULL,'images/1533806429.download(2).jpeg','2018-08-08 20:20:29','2018-08-08 20:20:29'),(134,1,2,'Other','Fuji xerox, M115Z',NULL,210,NULL,NULL,NULL,NULL,NULL,NULL,NULL,'images/1533806598.download(3).jpeg','2018-08-08 20:23:18','2018-08-08 20:23:18'),(135,1,2,'Other','Fuji Xerox, M265Z',NULL,368,NULL,NULL,NULL,NULL,NULL,NULL,NULL,'images/1533806742.images.jpeg','2018-08-08 20:25:42','2018-08-08 20:25:42'),(136,1,2,'Other','Lenovo, Think E1922S 18.5\" Monitor',NULL,94,NULL,NULL,NULL,NULL,NULL,NULL,NULL,'images/1533806828.download(4).jpeg','2018-08-08 20:27:08','2018-08-08 20:27:08'),(137,1,3,'Lenovo','Ideapad 120s-11IAP','Celeron N3350',269,'4GB RAM','500GB HD','11.6\" Display',NULL,'1 slots','Black','2 Cells Battery','images/1533838643.ideapad120s-11iap.png','2018-07-27 16:02:47','2018-08-09 05:17:23'),(138,1,3,'Lenovo','Ideapad 320-14IKBN','Celeron N3350',309,'4GB RAM','500GB HD','14\" Display',NULL,'2slots','Grey','3 Cells Battery','images/1533838666.ideapad320-14ikbn.....grey.jpg','2018-07-27 16:04:04','2018-08-09 05:17:46'),(139,1,3,'Lenovo','Ideapad 320-14AST','A4-9120 Processor',309,'4GB RAM','500GB HD','14\" Display',NULL,'1 slots','Black','2 Cells Battery','images/1533838685.ideapad320-14AST.jpg','2018-07-27 16:04:58','2018-08-09 05:18:05'),(140,1,3,'Dell','Inspiron 3567','Core i3-6006U',399,'4GB RAM','1TB HD','15.6\" Display',NULL,'2slots','Black','4 Cells Battery','images/1533838734.inspiron3567.png','2018-07-27 16:07:27','2018-08-09 05:18:54'),(141,1,3,'Dell','Inspiron 3462','Pentium N4200',359,'4GB RAM','500GB HDD','14\" Display',NULL,'1 slots','Black','4 Cells Battery','images/1533838755.inspiron3462.jpg','2018-07-27 16:08:39','2018-08-09 05:19:15'),(142,1,3,'Acer','ES1432','Celeron N3350',299,'4GB RAM','500GB HDD','14\" Display',NULL,'1 slots','Black','4 Cells Battery','images/1533838784.ES1432.....302.jpeg','2018-07-28 20:05:20','2018-08-09 05:19:44'),(143,1,3,'Acer','ES1432','Pentium N4200',335,'4GB RAM','500GB HDD','14\" Display',NULL,'2slots','Black','4 Cells Battery','images/1533838807.ES1432.......337.jpg','2018-07-28 20:06:33','2018-08-09 05:20:07'),(144,1,3,'MSI','GS63 7RD','Core i7 7700 HQ',1100,'8GB RAM','1TB HDD','15.6\" Display',NULL,'2slots','Black','3 Cells Battery','images/1533838830.msiGS637RD.png','2018-07-28 20:10:25','2018-08-09 05:20:30'),(145,1,3,'MSI','PL62 7RC','Core i7 7700 HQ',799,'8GB RAM','1TB HDD','15.6\" Display',NULL,'2slots','White','6 Cells Battery','images/1533838873.msiPL627RC.jpeg','2018-07-28 20:11:39','2018-08-09 05:21:13'),(146,1,3,'Hp','14-bs579TU','Core i3-6006U',399,'4GB RAM','500GB HDD','14\" Display',NULL,'1 slots','Jet Black','4 Cells Battery','images/1533838901.HP14-bss579TU....jetblack.png','2018-07-28 20:18:34','2018-08-09 05:21:41'),(147,1,3,'Hp','14-bs076TX','Core i3-6006U',399,'4GB RAM','500GB HDD','14\" Display',NULL,'2slots','Black','4 Cells Battery','images/1533838925.HP14-bs076TX.png','2018-07-28 20:20:07','2018-08-09 05:22:05'),(148,1,3,'Asus','X441NA','Celeron N3350',299,'4GB RAM','500GB HDD','14\" Display',NULL,'1 slots','Red','3 Cells Battery','images/1533838962.X441NA-BX403T.png','2018-07-28 20:21:39','2018-08-09 05:22:42'),(149,1,3,'Asus','X541NA','Celeron N3350',309,'4GB RAM','500GB HDD','15.6\" Display',NULL,'1 slots','Grey','3 Cells Battery','images/1533838979.X541.jpg','2018-07-28 20:22:37','2018-08-09 05:22:59'),(150,1,3,'MSI','GS63 7RD','Core i7 7700 HQ',1112,'8GB RAM','1TB HDD','15.6\" Display',NULL,'2slots','Black','3 Cells Battery','images/1533828107.msi.png','2018-07-28 20:10:25','2018-08-09 02:21:48'),(151,1,3,'Asus','X541NA','Celeron N3350',312,'4GB RAM','500GB HDD','15.6\" Display',NULL,'1 slots','Grey','3 Cells Battery','images/1532856157.asus.jpg','2018-07-28 20:22:37','2018-08-09 01:56:13'),(152,1,3,'Samsung','Samsung  Galaxy Tab J','1.5GHz Quad-C',259000,'1.5GB RAM , 8GB Internal',NULL,'7.0\"','5MP+2MP',NULL,NULL,'4000mAh','images/1533789457.samsung-galaxy-j-tablet.jpg','2018-08-08 15:37:13','2018-08-08 15:39:00'),(153,1,3,'Huawei','Huawei T3','1.4GHz Quad-C',269000,'2GB RAM, 16GB Internal',NULL,'10.0\"','8MP + 5MP',NULL,NULL,'4800mAh','images/1533789884.huawei-mediapad-t3-10.jpg','2018-08-08 15:44:44','2018-08-08 15:44:44'),(154,1,3,'Huawei','Huawei M3 Lite','2.3GHz Octa-C',379000,'3GB RAM, 32GB Internal',NULL,'8.0\"','8MP/8MP',NULL,NULL,'4800mAh','images/1533790123.huawei-mediapad-m3-8-lite-1.jpg','2018-08-08 15:48:43','2018-08-08 15:48:43'),(155,1,3,'Huawei','Huawei T1','1.2GHz Quad-C',119000,'1GB RAM, 8GB Internal',NULL,'7.0\"','2MP/2MP',NULL,NULL,'4100mAh','images/1533790317.huawei-mediapad-t1-70-1.jpg','2018-08-08 15:51:57','2018-08-08 15:51:57'),(156,1,3,'Huawei','Huawei T3 7\"','1.3GHz Quad-C',125000,'1GB RAM, 8GB Internal',NULL,'7.0\"','2MP/2MP',NULL,NULL,'3100mAh','images/1533790478.huawei-mediapad-t3-7.jpg','2018-08-08 15:54:38','2018-08-08 15:54:38'),(157,1,3,'Huawei','Huawei T3 8\"','1.3GHz Quad-C',185000,'2GB RAM, 16GB Internal',NULL,'8.0\"','2MP/2MP',NULL,NULL,'4800mAh','images/1533790607.huawei-mediapad-t3-8-5.jpg','2018-08-08 15:56:47','2018-08-08 15:56:47'),(158,1,3,'Oppo','Oppo A37','1.5GHz Quad-C',169000,'2GB RAM, 16GB Internal',NULL,'5\"','8MP/5MP',NULL,NULL,'2630mAh','images/1533790777.oppo-a37-1.jpg','2018-08-08 15:59:37','2018-08-08 15:59:37'),(159,1,3,'Samsung','Samsung J2 (Pro)','1.4GHz Quad-C',182000,'1.5GB RAM , 16GB Internal',NULL,'5\"','8MP/5MP',NULL,NULL,'2600mAh','images/1533790918.samsung-galaxy-j2-sm-j250-0.jpg','2018-08-08 16:01:58','2018-08-08 16:01:58'),(160,1,3,'Samsung','Samsung J2 (Prime)','1.2GHz Quad-C',159000,'1.5GB RAM , 8GB Internal',NULL,'5\"','8MP',NULL,NULL,'2600mAh','images/1533791041.samsung-galaxy-j2-prime-2016-2.jpg','2018-08-08 16:04:01','2018-08-08 16:04:01'),(161,1,3,'Samsung','Samsung On7','1.4GHz Quad-C',159000,'1.5GB RAM , 8GB Internal',NULL,'5.5\"','13MP',NULL,NULL,'3000mAh','images/1533791265.samsung-galaxy-on7-1.jpg','2018-08-08 16:07:45','2018-08-08 16:07:45'),(162,1,3,'Vivo','Vivo Y53','1.4GHz Quad-C',169000,'2GB RAM, 16GB Internal',NULL,'5\"','8MP/5MP',NULL,NULL,'2500mAh','images/1533791672.vivo-y53-1.jpg','2018-08-08 16:14:32','2018-08-08 16:14:32'),(163,1,3,'Samsung','Samsung Galaxy S8+','Octa-Core',1055000,'4GB RAM, 64GB Internal',NULL,'6.2\"',NULL,NULL,NULL,'3500mAh','images/1533800537.samsung-galaxy-s8-plus-.jpg','2018-08-08 18:42:17','2018-08-08 18:42:17'),(164,1,3,'Samsung','Samsung A8(2018)','2.2GHz Dual + 1.6Hz hexa',615000,'4GB RAM, 32GB Internal',NULL,'5.6\"',NULL,NULL,NULL,'3000mAh','images/1533800789.samsung-galaxy-a8-a530f-2.jpg','2018-08-08 18:46:29','2018-08-08 18:46:29'),(165,1,3,'Huawei','Huawei Nova 2i','2.36GHz Octa-C',339000,'4GB RAM, 64GB Internal',NULL,'5.5\"','16+2MP/13+2MP',NULL,NULL,NULL,'images/1533801023.download(1).jpeg','2018-08-08 18:50:23','2018-08-08 18:50:23'),(166,1,3,'Huawei','Huawei P10 Plus','2.4GHz Octa-C',799000,'4GB RAM, 64GB Internal',NULL,'5.5\"','20+12MP/8MP Leica',NULL,NULL,'3750mAh','images/1533801206.huawei-p10-plus-r1.jpg','2018-08-08 18:53:26','2018-08-08 18:53:26'),(167,1,3,'Vivo','Vivo v7 Plus','1.8GHz Octa-C',399000,'4GB RAM, 64GB Internal',NULL,'5.99\"','16MP/24Mp',NULL,NULL,'3225mAh','images/1533801453.vivo-v7-plus-0.jpg','2018-08-08 18:57:33','2018-08-08 18:57:33'),(168,1,3,'Vivo','Vivo V7','1.8GHz Octa-C',299000,'4GB RAM, 32GB Internal',NULL,'5.7\"','16MP/24Mp',NULL,NULL,'3000mAh','images/1533801654.vivo-v7-1.jpg','2018-08-08 19:00:54','2018-08-08 19:00:54'),(169,1,3,'Vivo','Vivo Y65','Snapdragon 1.4GHz',259000,'3GB RAM, 16GB Internl',NULL,'5.2\"','13MP/5MP',NULL,NULL,'3000mAh','images/1533801919.vivo-y65-1.jpg','2018-08-08 19:05:20','2018-08-08 19:05:20'),(170,1,3,'Xiaomi','Xiaomi MI A1','2.0GHz Octa-C',319000,'4GB RAM, 64GB Internal',NULL,'5.5\"','12MP/5MP',NULL,NULL,'3080mAh','images/1533802096.xiaomi-mi-a1-3.jpg','2018-08-08 19:08:16','2018-08-08 19:08:16'),(171,1,3,'Xiaomi','Xiaomi Note 4','2.5GHz Quad-C',239000,'4GB RAM, 64GB Internal',NULL,'5.5\"','13MP',NULL,NULL,'4100mAh','images/1533802233.xiaomi-redmi-note4-sn-1.jpg','2018-08-08 19:10:33','2018-08-08 19:10:33'),(172,1,3,'Xiaomi','Xiaomi Note 5A (Prime)','1.4GHZ Octa-C',169000,'3GB RAM, 32GB Internal',NULL,'5.5\"','13MP/16MP',NULL,NULL,'3080mAh','images/1533802387.xiaomi-redmi-note-5a-2.jpg','2018-08-08 19:13:07','2018-08-08 19:13:07'),(173,1,3,'Xiaomi','Xiaomi MI 4A','425GHz Quad-C',140000,'2GB RAM, 32GB Internal',NULL,'5\"','13MP/5MP',NULL,NULL,'3120mAh','images/1533802538.xiaomi-redmi-4a-2.jpg','2018-08-08 19:15:38','2018-08-08 19:15:38'),(174,1,3,'Oppo','Oppo F5','2.0GHz Octa-C',369000,'4GB RAM, 32GB Internal',NULL,'6\"','20MP+16MP',NULL,NULL,'3200mAh','images/1533803005.oppo-f5-youth-a73-1.jpg','2018-08-08 19:23:25','2018-08-08 19:23:25'),(175,1,3,'Oppo','Oppp F5 Youth','2.5GHz Octa-C',319000,'3GB RAM, 32GB Internal',NULL,'6\"','16MP',NULL,NULL,'3200mAh','images/1533803180.oppo-f5-youth-a73-1.jpg','2018-08-08 19:26:20','2018-08-08 19:26:20'),(176,1,3,'Other','Canon, LBP 2900',NULL,193000,NULL,NULL,NULL,NULL,NULL,NULL,NULL,'images/1533806429.download(2).jpeg','2018-08-08 20:20:29','2018-08-08 20:20:29'),(177,1,3,'Other','Fuji xerox, M115Z',NULL,210,NULL,NULL,NULL,NULL,NULL,NULL,NULL,'images/1533806598.download(3).jpeg','2018-08-08 20:23:18','2018-08-08 20:23:18'),(178,1,3,'Other','Fuji Xerox, M265Z',NULL,368,NULL,NULL,NULL,NULL,NULL,NULL,NULL,'images/1533806742.images.jpeg','2018-08-08 20:25:42','2018-08-08 20:25:42'),(179,1,3,'Other','Lenovo, Think E1922S 18.5\" Monitor',NULL,94,NULL,NULL,NULL,NULL,NULL,NULL,NULL,'images/1533806828.download(4).jpeg','2018-08-08 20:27:08','2018-08-08 20:27:08'),(180,2,4,'Lenovo','Ideapad 120s-11IAP','Celeron N3350',269,'4GB RAM','500GB HD','11.6\" Display',NULL,'1 slots','Black','2 Cells Battery','images/1533838643.ideapad120s-11iap.png','2018-07-27 16:02:47','2018-08-09 05:17:23'),(181,2,4,'Lenovo','Ideapad 320-14IKBN','Celeron N3350',309,'4GB RAM','500GB HD','14\" Display',NULL,'2slots','Grey','3 Cells Battery','images/1533838666.ideapad320-14ikbn.....grey.jpg','2018-07-27 16:04:04','2018-08-09 05:17:46'),(182,2,4,'Lenovo','Ideapad 320-14AST','A4-9120 Processor',309,'4GB RAM','500GB HD','14\" Display',NULL,'1 slots','Black','2 Cells Battery','images/1533838685.ideapad320-14AST.jpg','2018-07-27 16:04:58','2018-08-09 05:18:05'),(183,2,4,'Dell','Inspiron 3567','Core i3-6006U',399,'4GB RAM','1TB HD','15.6\" Display',NULL,'2slots','Black','4 Cells Battery','images/1533838734.inspiron3567.png','2018-07-27 16:07:27','2018-08-09 05:18:54'),(184,2,4,'Dell','Inspiron 3462','Pentium N4200',359,'4GB RAM','500GB HDD','14\" Display',NULL,'1 slots','Black','4 Cells Battery','images/1533838755.inspiron3462.jpg','2018-07-27 16:08:39','2018-08-09 05:19:15'),(185,2,4,'Acer','ES1432','Celeron N3350',299,'4GB RAM','500GB HDD','14\" Display',NULL,'1 slots','Black','4 Cells Battery','images/1533838784.ES1432.....302.jpeg','2018-07-28 20:05:20','2018-08-09 05:19:44'),(186,2,4,'Acer','ES1432','Pentium N4200',335,'4GB RAM','500GB HDD','14\" Display',NULL,'2slots','Black','4 Cells Battery','images/1533838807.ES1432.......337.jpg','2018-07-28 20:06:33','2018-08-09 05:20:07'),(187,2,4,'MSI','GS63 7RD','Core i7 7700 HQ',1100,'8GB RAM','1TB HDD','15.6\" Display',NULL,'2slots','Black','3 Cells Battery','images/1533838830.msiGS637RD.png','2018-07-28 20:10:25','2018-08-09 05:20:30'),(188,2,4,'MSI','PL62 7RC','Core i7 7700 HQ',799,'8GB RAM','1TB HDD','15.6\" Display',NULL,'2slots','White','6 Cells Battery','images/1533838873.msiPL627RC.jpeg','2018-07-28 20:11:39','2018-08-09 05:21:13'),(189,2,4,'Hp','14-bs579TU','Core i3-6006U',399,'4GB RAM','500GB HDD','14\" Display',NULL,'1 slots','Jet Black','4 Cells Battery','images/1533838901.HP14-bss579TU....jetblack.png','2018-07-28 20:18:34','2018-08-09 05:21:41'),(190,2,4,'Hp','14-bs076TX','Core i3-6006U',399,'4GB RAM','500GB HDD','14\" Display',NULL,'2slots','Black','4 Cells Battery','images/1533838925.HP14-bs076TX.png','2018-07-28 20:20:07','2018-08-09 05:22:05'),(191,2,4,'Asus','X441NA','Celeron N3350',299,'4GB RAM','500GB HDD','14\" Display',NULL,'1 slots','Red','3 Cells Battery','images/1533838962.X441NA-BX403T.png','2018-07-28 20:21:39','2018-08-09 05:22:42'),(192,2,4,'Asus','X541NA','Celeron N3350',309,'4GB RAM','500GB HDD','15.6\" Display',NULL,'1 slots','Grey','3 Cells Battery','images/1533838979.X541.jpg','2018-07-28 20:22:37','2018-08-09 05:22:59'),(193,2,4,'MSI','GS63 7RD','Core i7 7700 HQ',1112,'8GB RAM','1TB HDD','15.6\" Display',NULL,'2slots','Black','3 Cells Battery','images/1533828107.msi.png','2018-07-28 20:10:25','2018-08-09 02:21:48'),(194,2,4,'Asus','X541NA','Celeron N3350',312,'4GB RAM','500GB HDD','15.6\" Display',NULL,'1 slots','Grey','3 Cells Battery','images/1532856157.asus.jpg','2018-07-28 20:22:37','2018-08-09 01:56:13'),(195,2,4,'Samsung','Samsung  Galaxy Tab J','1.5GHz Quad-C',259000,'1.5GB RAM , 8GB Internal',NULL,'7.0\"','5MP+2MP',NULL,NULL,'4000mAh','images/1533789457.samsung-galaxy-j-tablet.jpg','2018-08-08 15:37:13','2018-08-08 15:39:00'),(196,2,4,'Huawei','Huawei T3','1.4GHz Quad-C',269000,'2GB RAM, 16GB Internal',NULL,'10.0\"','8MP + 5MP',NULL,NULL,'4800mAh','images/1533789884.huawei-mediapad-t3-10.jpg','2018-08-08 15:44:44','2018-08-08 15:44:44'),(197,2,4,'Huawei','Huawei M3 Lite','2.3GHz Octa-C',379000,'3GB RAM, 32GB Internal',NULL,'8.0\"','8MP/8MP',NULL,NULL,'4800mAh','images/1533790123.huawei-mediapad-m3-8-lite-1.jpg','2018-08-08 15:48:43','2018-08-08 15:48:43'),(198,2,4,'Huawei','Huawei T1','1.2GHz Quad-C',119000,'1GB RAM, 8GB Internal',NULL,'7.0\"','2MP/2MP',NULL,NULL,'4100mAh','images/1533790317.huawei-mediapad-t1-70-1.jpg','2018-08-08 15:51:57','2018-08-08 15:51:57'),(199,2,4,'Huawei','Huawei T3 7\"','1.3GHz Quad-C',125000,'1GB RAM, 8GB Internal',NULL,'7.0\"','2MP/2MP',NULL,NULL,'3100mAh','images/1533790478.huawei-mediapad-t3-7.jpg','2018-08-08 15:54:38','2018-08-08 15:54:38'),(200,2,4,'Huawei','Huawei T3 8\"','1.3GHz Quad-C',185000,'2GB RAM, 16GB Internal',NULL,'8.0\"','2MP/2MP',NULL,NULL,'4800mAh','images/1533790607.huawei-mediapad-t3-8-5.jpg','2018-08-08 15:56:47','2018-08-08 15:56:47'),(201,2,4,'Oppo','Oppo A37','1.5GHz Quad-C',169000,'2GB RAM, 16GB Internal',NULL,'5\"','8MP/5MP',NULL,NULL,'2630mAh','images/1533790777.oppo-a37-1.jpg','2018-08-08 15:59:37','2018-08-08 15:59:37'),(202,2,4,'Samsung','Samsung J2 (Pro)','1.4GHz Quad-C',182000,'1.5GB RAM , 16GB Internal',NULL,'5\"','8MP/5MP',NULL,NULL,'2600mAh','images/1533790918.samsung-galaxy-j2-sm-j250-0.jpg','2018-08-08 16:01:58','2018-08-08 16:01:58'),(203,2,4,'Samsung','Samsung J2 (Prime)','1.2GHz Quad-C',159000,'1.5GB RAM , 8GB Internal',NULL,'5\"','8MP',NULL,NULL,'2600mAh','images/1533791041.samsung-galaxy-j2-prime-2016-2.jpg','2018-08-08 16:04:01','2018-08-08 16:04:01'),(204,2,4,'Samsung','Samsung On7','1.4GHz Quad-C',159000,'1.5GB RAM , 8GB Internal',NULL,'5.5\"','13MP',NULL,NULL,'3000mAh','images/1533791265.samsung-galaxy-on7-1.jpg','2018-08-08 16:07:45','2018-08-08 16:07:45'),(205,2,4,'Vivo','Vivo Y53','1.4GHz Quad-C',169000,'2GB RAM, 16GB Internal',NULL,'5\"','8MP/5MP',NULL,NULL,'2500mAh','images/1533791672.vivo-y53-1.jpg','2018-08-08 16:14:32','2018-08-08 16:14:32'),(206,2,4,'Samsung','Samsung Galaxy S8+','Octa-Core',1055000,'4GB RAM, 64GB Internal',NULL,'6.2\"',NULL,NULL,NULL,'3500mAh','images/1533800537.samsung-galaxy-s8-plus-.jpg','2018-08-08 18:42:17','2018-08-08 18:42:17'),(207,2,4,'Samsung','Samsung A8(2018)','2.2GHz Dual + 1.6Hz hexa',615000,'4GB RAM, 32GB Internal',NULL,'5.6\"',NULL,NULL,NULL,'3000mAh','images/1533800789.samsung-galaxy-a8-a530f-2.jpg','2018-08-08 18:46:29','2018-08-08 18:46:29'),(208,2,4,'Huawei','Huawei Nova 2i','2.36GHz Octa-C',339000,'4GB RAM, 64GB Internal',NULL,'5.5\"','16+2MP/13+2MP',NULL,NULL,NULL,'images/1533801023.download(1).jpeg','2018-08-08 18:50:23','2018-08-08 18:50:23'),(209,2,4,'Huawei','Huawei P10 Plus','2.4GHz Octa-C',799000,'4GB RAM, 64GB Internal',NULL,'5.5\"','20+12MP/8MP Leica',NULL,NULL,'3750mAh','images/1533801206.huawei-p10-plus-r1.jpg','2018-08-08 18:53:26','2018-08-08 18:53:26'),(210,2,4,'Vivo','Vivo v7 Plus','1.8GHz Octa-C',399000,'4GB RAM, 64GB Internal',NULL,'5.99\"','16MP/24Mp',NULL,NULL,'3225mAh','images/1533801453.vivo-v7-plus-0.jpg','2018-08-08 18:57:33','2018-08-08 18:57:33'),(211,2,4,'Vivo','Vivo V7','1.8GHz Octa-C',299000,'4GB RAM, 32GB Internal',NULL,'5.7\"','16MP/24Mp',NULL,NULL,'3000mAh','images/1533801654.vivo-v7-1.jpg','2018-08-08 19:00:54','2018-08-08 19:00:54'),(212,2,4,'Vivo','Vivo Y65','Snapdragon 1.4GHz',259000,'3GB RAM, 16GB Internl',NULL,'5.2\"','13MP/5MP',NULL,NULL,'3000mAh','images/1533801919.vivo-y65-1.jpg','2018-08-08 19:05:20','2018-08-08 19:05:20'),(213,2,4,'Xiaomi','Xiaomi MI A1','2.0GHz Octa-C',319000,'4GB RAM, 64GB Internal',NULL,'5.5\"','12MP/5MP',NULL,NULL,'3080mAh','images/1533802096.xiaomi-mi-a1-3.jpg','2018-08-08 19:08:16','2018-08-08 19:08:16'),(214,2,4,'Xiaomi','Xiaomi Note 4','2.5GHz Quad-C',239000,'4GB RAM, 64GB Internal',NULL,'5.5\"','13MP',NULL,NULL,'4100mAh','images/1533802233.xiaomi-redmi-note4-sn-1.jpg','2018-08-08 19:10:33','2018-08-08 19:10:33'),(215,2,4,'Xiaomi','Xiaomi Note 5A (Prime)','1.4GHZ Octa-C',169000,'3GB RAM, 32GB Internal',NULL,'5.5\"','13MP/16MP',NULL,NULL,'3080mAh','images/1533802387.xiaomi-redmi-note-5a-2.jpg','2018-08-08 19:13:07','2018-08-08 19:13:07'),(216,2,4,'Xiaomi','Xiaomi MI 4A','425GHz Quad-C',140000,'2GB RAM, 32GB Internal',NULL,'5\"','13MP/5MP',NULL,NULL,'3120mAh','images/1533802538.xiaomi-redmi-4a-2.jpg','2018-08-08 19:15:38','2018-08-08 19:15:38'),(217,2,4,'Oppo','Oppo F5','2.0GHz Octa-C',369000,'4GB RAM, 32GB Internal',NULL,'6\"','20MP+16MP',NULL,NULL,'3200mAh','images/1533803005.oppo-f5-youth-a73-1.jpg','2018-08-08 19:23:25','2018-08-08 19:23:25'),(218,2,4,'Oppo','Oppp F5 Youth','2.5GHz Octa-C',319000,'3GB RAM, 32GB Internal',NULL,'6\"','16MP',NULL,NULL,'3200mAh','images/1533803180.oppo-f5-youth-a73-1.jpg','2018-08-08 19:26:20','2018-08-08 19:26:20'),(219,2,4,'Other','Canon, LBP 2900',NULL,193000,NULL,NULL,NULL,NULL,NULL,NULL,NULL,'images/1533806429.download(2).jpeg','2018-08-08 20:20:29','2018-08-08 20:20:29'),(220,2,4,'Other','Fuji xerox, M115Z',NULL,210,NULL,NULL,NULL,NULL,NULL,NULL,NULL,'images/1533806598.download(3).jpeg','2018-08-08 20:23:18','2018-08-08 20:23:18'),(221,2,4,'Other','Fuji Xerox, M265Z',NULL,368,NULL,NULL,NULL,NULL,NULL,NULL,NULL,'images/1533806742.images.jpeg','2018-08-08 20:25:42','2018-08-08 20:25:42'),(222,2,4,'Other','Lenovo, Think E1922S 18.5\" Monitor',NULL,94,NULL,NULL,NULL,NULL,NULL,NULL,NULL,'images/1533806828.download(4).jpeg','2018-08-08 20:27:08','2018-08-08 20:27:08'),(266,1,1,'Samsung','Samsung  Galaxy Tab J',NULL,24000,'4GB RAM, 64GB Internal',NULL,'5\"','8MP/5MP',NULL,NULL,'3000mAh','images/1534823430.samsung-galaxy-j2-prime-2016-2.jpg','2018-08-19 04:53:39','2018-08-20 21:20:32'),(267,1,1,'Huawei','P 7',NULL,420000,'4GB RAM, 64GB Internal',NULL,'5.5\"','8MP/5MP',NULL,'White','3000mAh','images/1534823445.huawei-mediapad-t3-8-5.jpg','2018-08-19 07:42:38','2018-08-20 21:20:45'),(268,1,1,'Hp','Samsung  Galaxy Tab J','1.3GHz Quad-C',240000,'1.5GB RAM , 8GB Internal',NULL,'5.5\"','8MP/5MP',NULL,NULL,'4800mAh','images/1534823465.samsung-galaxy-j2-prime-2016-2.jpg','2018-08-19 21:25:42','2018-08-20 21:21:05'),(269,3,8,'Lenovo','Ideapad 120s-11IAP','Celeron N3350',269,'4GB RAM','500GB HD','11.6\" Display',NULL,NULL,NULL,'2 Cells Battery','images/1532754167.11IAP.jpg','2018-07-27 22:32:47','2018-07-27 22:32:47'),(270,3,8,'Lenovo','Ideapad 320-14IKBN','Celeron N3350',309,'4GB RAM','500GB HD','14\" Display',NULL,NULL,NULL,'3 Cells Battery','images/1532754244.11IAP.jpg','2018-07-27 22:34:04','2018-07-27 22:34:04'),(271,3,8,'Lenovo','Ideapad 320-14AST','A4-9120 Processor',309,'4GB RAM','500GB HD','14\" Display',NULL,NULL,NULL,'2 Cells Battery','images/1532754298.11IAP.jpg','2018-07-27 22:34:58','2018-07-27 22:34:58'),(272,3,8,'Dell','Inspiron 3567','Core i3-6006U',399,'4GB RAM','1TB HD','15.6\" Display',NULL,NULL,NULL,'4 Cells Battery','images/1532754447.dell.png','2018-07-27 22:37:27','2018-07-27 22:37:27'),(273,3,8,'Dell','Inspiron 3462','Pentium N4200',359,'4GB RAM','500GB HDD','14\" Display',NULL,NULL,NULL,'4 Cells Battery','images/1532754519.dell.png','2018-07-27 22:38:39','2018-07-27 22:42:46'),(274,3,8,'Acer','ES1432','Celeron N3350',299,'4GB RAM','500GB HDD','14\" Display',NULL,NULL,NULL,'4 Cells Battery','images/1532855120.acer.jpg','2018-07-29 02:35:20','2018-07-29 02:35:20'),(275,3,8,'Acer','ES1432','Pentium N4200',335,'4GB RAM','500GB HDD','14\" Display',NULL,NULL,NULL,'4 Cells Battery','images/1532855193.acer.jpg','2018-07-29 02:36:33','2018-07-29 02:36:33'),(276,3,8,'MSI','GS63 7RD','Core i7 7700 HQ',1100,'8GB RAM','1TB HDD','15.6\" Display',NULL,NULL,NULL,'3 Cells Battery','images/1532855425.msi.jpg','2018-07-29 02:40:25','2018-07-29 02:40:25'),(277,3,8,'MSI','PL62 7RC','Core i7 7700 HQ',799,'8GB RAM','1TB HDD','15.6\" Display',NULL,NULL,NULL,'6 Cells Battery','images/1532855637.msi.jpeg','2018-07-29 02:41:39','2018-07-29 02:43:57'),(278,3,8,'Hp','14-bs579TU','Core i3-6006U',399,'4GB RAM','500GB HDD','14\" Display',NULL,NULL,NULL,'4 Cells Battery','images/1532856339.hp.jpg','2018-07-29 02:48:34','2018-07-29 03:13:09'),(279,3,8,'Hp','14-bs076TX','Core i3-6006U',399,'4GB RAM','500GB HDD','14\" Display',NULL,NULL,NULL,'4 Cells Battery','images/1532856282.hp.jpg','2018-07-29 02:50:07','2018-07-29 02:55:05'),(280,3,8,'Asus','X441NA','Celeron N3350',299,'4GB RAM','500GB HDD','14\" Display',NULL,NULL,NULL,'3 Cells Battery','images/1532856099.asus.jpg','2018-07-29 02:51:39','2018-07-29 02:51:39'),(281,3,8,'Asus','X541NA','Celeron N3350',309,'4GB RAM','500GB HDD','15.6\" Display',NULL,NULL,NULL,'3 Cells Battery','images/1532856157.asus.jpg','2018-07-29 02:52:37','2018-07-29 02:52:37'),(282,3,10,'Lenovo','Ideapad 120s-11IAP','Celeron N3350',269,'4GB RAM','500GB HD','11.6\" Display',NULL,NULL,NULL,'2 Cells Battery','images/1532754167.11IAP.jpg','2018-07-27 22:32:47','2018-07-27 22:32:47'),(283,3,10,'Lenovo','Ideapad 320-14IKBN','Celeron N3350',309,'4GB RAM','500GB HD','14\" Display',NULL,NULL,NULL,'3 Cells Battery','images/1532754244.11IAP.jpg','2018-07-27 22:34:04','2018-07-27 22:34:04'),(284,3,10,'Lenovo','Ideapad 320-14AST','A4-9120 Processor',309,'4GB RAM','500GB HD','14\" Display',NULL,NULL,NULL,'2 Cells Battery','images/1532754298.11IAP.jpg','2018-07-27 22:34:58','2018-07-27 22:34:58'),(285,3,10,'Dell','Inspiron 3567','Core i3-6006U',399,'4GB RAM','1TB HD','15.6\" Display',NULL,NULL,NULL,'4 Cells Battery','images/1532754447.dell.png','2018-07-27 22:37:27','2018-07-27 22:37:27'),(286,3,10,'Dell','Inspiron 3462','Pentium N4200',359,'4GB RAM','500GB HDD','14\" Display',NULL,NULL,NULL,'4 Cells Battery','images/1532754519.dell.png','2018-07-27 22:38:39','2018-07-27 22:42:46'),(287,3,10,'Acer','ES1432','Celeron N3350',299,'4GB RAM','500GB HDD','14\" Display',NULL,NULL,NULL,'4 Cells Battery','images/1532855120.acer.jpg','2018-07-29 02:35:20','2018-07-29 02:35:20'),(288,3,10,'Acer','ES1432','Pentium N4200',335,'4GB RAM','500GB HDD','14\" Display',NULL,NULL,NULL,'4 Cells Battery','images/1532855193.acer.jpg','2018-07-29 02:36:33','2018-07-29 02:36:33'),(289,3,10,'MSI','GS63 7RD','Core i7 7700 HQ',1100,'8GB RAM','1TB HDD','15.6\" Display',NULL,NULL,NULL,'3 Cells Battery','images/1532855425.msi.jpg','2018-07-29 02:40:25','2018-07-29 02:40:25'),(290,3,10,'MSI','PL62 7RC','Core i7 7700 HQ',799,'8GB RAM','1TB HDD','15.6\" Display',NULL,NULL,NULL,'6 Cells Battery','images/1532855637.msi.jpeg','2018-07-29 02:41:39','2018-07-29 02:43:57'),(291,3,10,'Hp','14-bs579TU','Core i3-6006U',399,'4GB RAM','500GB HDD','14\" Display',NULL,NULL,NULL,'4 Cells Battery','images/1532856339.hp.jpg','2018-07-29 02:48:34','2018-07-29 03:13:09'),(292,3,10,'Hp','14-bs076TX','Core i3-6006U',399,'4GB RAM','500GB HDD','14\" Display',NULL,NULL,NULL,'4 Cells Battery','images/1532856282.hp.jpg','2018-07-29 02:50:07','2018-07-29 02:55:05'),(293,3,10,'Asus','X441NA','Celeron N3350',299,'4GB RAM','500GB HDD','14\" Display',NULL,NULL,NULL,'3 Cells Battery','images/1532856099.asus.jpg','2018-07-29 02:51:39','2018-07-29 02:51:39'),(294,3,10,'Asus','X541NA','Celeron N3350',309,'4GB RAM','500GB HDD','15.6\" Display',NULL,NULL,NULL,'3 Cells Battery','images/1532856157.asus.jpg','2018-07-29 02:52:37','2018-07-29 02:52:37'),(295,3,11,'Lenovo','Ideapad 120s-11IAP','Celeron N3350',269,'4GB RAM','500GB HD','11.6\" Display',NULL,NULL,NULL,'2 Cells Battery','images/1532754167.11IAP.jpg','2018-07-27 22:32:47','2018-07-27 22:32:47'),(296,3,11,'Lenovo','Ideapad 320-14IKBN','Celeron N3350',309,'4GB RAM','500GB HD','14\" Display',NULL,NULL,NULL,'3 Cells Battery','images/1532754244.11IAP.jpg','2018-07-27 22:34:04','2018-07-27 22:34:04'),(297,3,11,'Lenovo','Ideapad 320-14AST','A4-9120 Processor',309,'4GB RAM','500GB HD','14\" Display',NULL,NULL,NULL,'2 Cells Battery','images/1532754298.11IAP.jpg','2018-07-27 22:34:58','2018-07-27 22:34:58'),(298,3,11,'Dell','Inspiron 3567','Core i3-6006U',399,'4GB RAM','1TB HD','15.6\" Display',NULL,NULL,NULL,'4 Cells Battery','images/1532754447.dell.png','2018-07-27 22:37:27','2018-07-27 22:37:27'),(299,3,11,'Dell','Inspiron 3462','Pentium N4200',359,'4GB RAM','500GB HDD','14\" Display',NULL,NULL,NULL,'4 Cells Battery','images/1532754519.dell.png','2018-07-27 22:38:39','2018-07-27 22:42:46'),(300,3,11,'Acer','ES1432','Celeron N3350',299,'4GB RAM','500GB HDD','14\" Display',NULL,NULL,NULL,'4 Cells Battery','images/1532855120.acer.jpg','2018-07-29 02:35:20','2018-07-29 02:35:20'),(301,3,11,'Acer','ES1432','Pentium N4200',335,'4GB RAM','500GB HDD','14\" Display',NULL,NULL,NULL,'4 Cells Battery','images/1532855193.acer.jpg','2018-07-29 02:36:33','2018-07-29 02:36:33'),(302,3,11,'MSI','GS63 7RD','Core i7 7700 HQ',1100,'8GB RAM','1TB HDD','15.6\" Display',NULL,NULL,NULL,'3 Cells Battery','images/1532855425.msi.jpg','2018-07-29 02:40:25','2018-07-29 02:40:25'),(303,3,11,'MSI','PL62 7RC','Core i7 7700 HQ',799,'8GB RAM','1TB HDD','15.6\" Display',NULL,NULL,NULL,'6 Cells Battery','images/1532855637.msi.jpeg','2018-07-29 02:41:39','2018-07-29 02:43:57'),(304,3,11,'Hp','14-bs579TU','Core i3-6006U',399,'4GB RAM','500GB HDD','14\" Display',NULL,NULL,NULL,'4 Cells Battery','images/1532856339.hp.jpg','2018-07-29 02:48:34','2018-07-29 03:13:09'),(305,3,11,'Hp','14-bs076TX','Core i3-6006U',399,'4GB RAM','500GB HDD','14\" Display',NULL,NULL,NULL,'4 Cells Battery','images/1532856282.hp.jpg','2018-07-29 02:50:07','2018-07-29 02:55:05'),(306,3,11,'Asus','X441NA','Celeron N3350',299,'4GB RAM','500GB HDD','14\" Display',NULL,NULL,NULL,'3 Cells Battery','images/1532856099.asus.jpg','2018-07-29 02:51:39','2018-07-29 02:51:39'),(307,3,11,'Asus','X541NA','Celeron N3350',309,'4GB RAM','500GB HDD','15.6\" Display',NULL,NULL,NULL,'3 Cells Battery','images/1532856157.asus.jpg','2018-07-29 02:52:37','2018-07-29 02:52:37'),(308,3,12,'Lenovo','Ideapad 120s-11IAP','Celeron N3350',269,'4GB RAM','500GB HD','11.6\" Display',NULL,NULL,NULL,'2 Cells Battery','images/1532754167.11IAP.jpg','2018-07-27 22:32:47','2018-07-27 22:32:47'),(309,3,12,'Lenovo','Ideapad 320-14IKBN','Celeron N3350',309,'4GB RAM','500GB HD','14\" Display',NULL,NULL,NULL,'3 Cells Battery','images/1532754244.11IAP.jpg','2018-07-27 22:34:04','2018-07-27 22:34:04'),(310,3,12,'Lenovo','Ideapad 320-14AST','A4-9120 Processor',309,'4GB RAM','500GB HD','14\" Display',NULL,NULL,NULL,'2 Cells Battery','images/1532754298.11IAP.jpg','2018-07-27 22:34:58','2018-07-27 22:34:58'),(311,3,12,'Dell','Inspiron 3567','Core i3-6006U',399,'4GB RAM','1TB HD','15.6\" Display',NULL,NULL,NULL,'4 Cells Battery','images/1532754447.dell.png','2018-07-27 22:37:27','2018-07-27 22:37:27'),(312,3,12,'Dell','Inspiron 3462','Pentium N4200',359,'4GB RAM','500GB HDD','14\" Display',NULL,NULL,NULL,'4 Cells Battery','images/1532754519.dell.png','2018-07-27 22:38:39','2018-07-27 22:42:46'),(313,3,12,'Acer','ES1432','Celeron N3350',299,'4GB RAM','500GB HDD','14\" Display',NULL,NULL,NULL,'4 Cells Battery','images/1532855120.acer.jpg','2018-07-29 02:35:20','2018-07-29 02:35:20'),(314,3,12,'Acer','ES1432','Pentium N4200',335,'4GB RAM','500GB HDD','14\" Display',NULL,NULL,NULL,'4 Cells Battery','images/1532855193.acer.jpg','2018-07-29 02:36:33','2018-07-29 02:36:33'),(315,3,12,'MSI','GS63 7RD','Core i7 7700 HQ',1100,'8GB RAM','1TB HDD','15.6\" Display',NULL,NULL,NULL,'3 Cells Battery','images/1532855425.msi.jpg','2018-07-29 02:40:25','2018-07-29 02:40:25'),(316,3,12,'MSI','PL62 7RC','Core i7 7700 HQ',799,'8GB RAM','1TB HDD','15.6\" Display',NULL,NULL,NULL,'6 Cells Battery','images/1532855637.msi.jpeg','2018-07-29 02:41:39','2018-07-29 02:43:57'),(317,3,12,'Hp','14-bs579TU','Core i3-6006U',399,'4GB RAM','500GB HDD','14\" Display',NULL,NULL,NULL,'4 Cells Battery','images/1532856339.hp.jpg','2018-07-29 02:48:34','2018-07-29 03:13:09'),(318,3,12,'Hp','14-bs076TX','Core i3-6006U',399,'4GB RAM','500GB HDD','14\" Display',NULL,NULL,NULL,'4 Cells Battery','images/1532856282.hp.jpg','2018-07-29 02:50:07','2018-07-29 02:55:05'),(319,3,12,'Asus','X441NA','Celeron N3350',299,'4GB RAM','500GB HDD','14\" Display',NULL,NULL,NULL,'3 Cells Battery','images/1532856099.asus.jpg','2018-07-29 02:51:39','2018-07-29 02:51:39'),(320,3,12,'Asus','X541NA','Celeron N3350',309,'4GB RAM','500GB HDD','15.6\" Display',NULL,NULL,NULL,'3 Cells Battery','images/1532856157.asus.jpg','2018-07-29 02:52:37','2018-07-29 02:52:37'),(321,4,13,'Lenovo','Ideapad 120s-11IAP','Celeron N3350',269,'4GB RAM','500GB HD','11.6\" Display',NULL,NULL,NULL,'2 Cells Battery','images/1532754167.11IAP.jpg','2018-07-27 22:32:47','2018-07-27 22:32:47'),(322,4,13,'Lenovo','Ideapad 320-14IKBN','Celeron N3350',309,'4GB RAM','500GB HD','14\" Display',NULL,NULL,NULL,'3 Cells Battery','images/1532754244,11IAP.jpg','2018-07-27 22:34:04','2018-07-27 22:34:04'),(323,4,13,'Lenovo','Ideapad 320-14AST','A4-9120 Processor',309,'4GB RAM','500GB HD','14\" Display',NULL,NULL,NULL,'2 Cells Battery','images/1532754298.11IAP.jpg','2018-07-27 22:34:58','2018-07-27 22:34:58'),(324,4,13,'Dell','Inspiron 3567','Core i3-6006U',399,'4GB RAM','1TB HD','15.6\" Display',NULL,NULL,NULL,'4 Cells Battery','images/1532754447.dell.png','2018-07-27 22:37:27','2018-07-27 22:37:27'),(325,4,13,'Dell','Inspiron 3462','Pentium N4200',359,'4GB RAM','500GB HDD','14\" Display',NULL,NULL,NULL,'4 Cells Battery','images/1532754519.dell.png','2018-07-27 22:38:39','2018-07-27 22:42:46'),(326,4,13,'Acer','ES1432','Celeron N3350',299,'4GB RAM','500GB HDD','14\" Display',NULL,NULL,NULL,'4 Cells Battery','images/1532855120.acer.jpg','2018-07-29 02:35:20','2018-07-29 02:35:20'),(327,4,13,'Acer','ES1432','Pentium N4200',335,'4GB RAM','500GB HDD','14\" Display',NULL,NULL,NULL,'4 Cells Battery','images/1532855193.acer.jpg','2018-07-29 02:36:33','2018-07-29 02:36:33'),(328,4,13,'MSI','GS63 7RD','Core i7 7700 HQ',1100,'8GB RAM','1TB HDD','15.6\" Display',NULL,NULL,NULL,'3 Cells Battery','images/1532855425.msi.jpg','2018-07-29 02:40:25','2018-07-29 02:40:25'),(329,4,13,'MSI','PL62 7RC','Core i7 7700 HQ',799,'8GB RAM','1TB HDD','15.6\" Display',NULL,NULL,NULL,'6 Cells Battery','images/1532855637.msi.jpeg','2018-07-29 02:41:39','2018-07-29 02:43:57'),(330,4,13,'Hp','14-bs579TU','Core i3-6006U',399,'4GB RAM','500GB HDD','14\" Display',NULL,NULL,NULL,'4 Cells Battery','images/1532856339.hp.jpg','2018-07-29 02:48:34','2018-07-29 03:13:09'),(331,4,13,'Hp','14-bs076TX','Core i3-6006U',399,'4GB RAM','500GB HDD','14\" Display',NULL,NULL,NULL,'4 Cells Battery','images/1532856282.hp.jpg','2018-07-29 02:50:07','2018-07-29 02:55:05'),(332,4,13,'Asus','X441NA','Celeron N3350',299,'4GB RAM','500GB HDD','14\" Display',NULL,NULL,NULL,'3 Cells Battery','images/1532856099.asus.jpg','2018-07-29 02:51:39','2018-07-29 02:51:39'),(333,4,13,'Asus','X541NA','Celeron N3350',309,'4GB RAM','500GB HDD','15.6\" Display',NULL,NULL,NULL,'3 Cells Battery','images/1532856157.asus.jpg','2018-07-29 02:52:37','2018-07-29 02:52:37'),(334,5,15,'Lenovo','Ideapad 120s-11IAP','Celeron N3350',269,'4GB RAM','500GB HD','11.6\" Display',NULL,NULL,NULL,'2 Cells Battery','images/1532754167.11IAP.jpg','2018-07-27 22:32:47','2018-07-27 22:32:47'),(335,5,15,'Lenovo','Ideapad 320-14IKBN','Celeron N3350',309,'4GB RAM','500GB HD','14\" Display',NULL,NULL,NULL,'3 Cells Battery','images/1532754244,11IAP.jpg','2018-07-27 22:34:04','2018-07-27 22:34:04'),(336,5,15,'Lenovo','Ideapad 320-14AST','A4-9120 Processor',309,'4GB RAM','500GB HD','14\" Display',NULL,NULL,NULL,'2 Cells Battery','images/1532754298.11IAP.jpg','2018-07-27 22:34:58','2018-07-27 22:34:58'),(337,5,15,'Dell','Inspiron 3567','Core i3-6006U',399,'4GB RAM','1TB HD','15.6\" Display',NULL,NULL,NULL,'4 Cells Battery','images/1532754447.dell.png','2018-07-27 22:37:27','2018-07-27 22:37:27'),(338,5,15,'Dell','Inspiron 3462','Pentium N4200',359,'4GB RAM','500GB HDD','14\" Display',NULL,NULL,NULL,'4 Cells Battery','images/1532754519.dell.png','2018-07-27 22:38:39','2018-07-27 22:42:46'),(339,5,15,'Acer','ES1432','Celeron N3350',299,'4GB RAM','500GB HDD','14\" Display',NULL,NULL,NULL,'4 Cells Battery','images/1532855120.acer.jpg','2018-07-29 02:35:20','2018-07-29 02:35:20'),(340,5,15,'Acer','ES1432','Pentium N4200',335,'4GB RAM','500GB HDD','14\" Display',NULL,NULL,NULL,'4 Cells Battery','images/1532855193.acer.jpg','2018-07-29 02:36:33','2018-07-29 02:36:33'),(341,5,15,'MSI','GS63 7RD','Core i7 7700 HQ',1100,'8GB RAM','1TB HDD','15.6\" Display',NULL,NULL,NULL,'3 Cells Battery','images/1532855425.msi.jpg','2018-07-29 02:40:25','2018-07-29 02:40:25'),(342,5,15,'MSI','PL62 7RC','Core i7 7700 HQ',799,'8GB RAM','1TB HDD','15.6\" Display',NULL,NULL,NULL,'6 Cells Battery','images/1532855637.msi.jpeg','2018-07-29 02:41:39','2018-07-29 02:43:57'),(343,5,15,'Hp','14-bs579TU','Core i3-6006U',399,'4GB RAM','500GB HDD','14\" Display',NULL,NULL,NULL,'4 Cells Battery','images/1532856339.hp.jpg','2018-07-29 02:48:34','2018-07-29 03:13:09'),(344,5,15,'Hp','14-bs076TX','Core i3-6006U',399,'4GB RAM','500GB HDD','14\" Display',NULL,NULL,NULL,'4 Cells Battery','images/1532856282.hp.jpg','2018-07-29 02:50:07','2018-07-29 02:55:05'),(345,5,15,'Asus','X441NA','Celeron N3350',299,'4GB RAM','500GB HDD','14\" Display',NULL,NULL,NULL,'3 Cells Battery','images/1532856099.asus.jpg','2018-07-29 02:51:39','2018-07-29 02:51:39'),(346,5,15,'Asus','X541NA','Celeron N3350',309,'4GB RAM','500GB HDD','15.6\" Display',NULL,NULL,NULL,'3 Cells Battery','images/1532856157.asus.jpg','2018-07-29 02:52:37','2018-07-29 02:52:37'),(347,5,16,'Lenovo','Ideapad 120s-11IAP','Celeron N3350',269,'4GB RAM','500GB HD','11.6\" Display',NULL,NULL,NULL,'2 Cells Battery','images/1532754167.11IAP.jpg','2018-07-27 22:32:47','2018-07-27 22:32:47'),(348,5,16,'Lenovo','Ideapad 320-14IKBN','Celeron N3350',309,'4GB RAM','500GB HD','14\" Display',NULL,NULL,NULL,'3 Cells Battery','images/1532754244,11IAP.jpg','2018-07-27 22:34:04','2018-07-27 22:34:04'),(349,5,16,'Lenovo','Ideapad 320-14AST','A4-9120 Processor',309,'4GB RAM','500GB HD','14\" Display',NULL,NULL,NULL,'2 Cells Battery','images/1532754298.11IAP.jpg','2018-07-27 22:34:58','2018-07-27 22:34:58'),(350,5,16,'Dell','Inspiron 3567','Core i3-6006U',399,'4GB RAM','1TB HD','15.6\" Display',NULL,NULL,NULL,'4 Cells Battery','images/1532754447.dell.png','2018-07-27 22:37:27','2018-07-27 22:37:27'),(351,5,16,'Dell','Inspiron 3462','Pentium N4200',359,'4GB RAM','500GB HDD','14\" Display',NULL,NULL,NULL,'4 Cells Battery','images/1532754519.dell.png','2018-07-27 22:38:39','2018-07-27 22:42:46'),(352,5,16,'Acer','ES1432','Celeron N3350',299,'4GB RAM','500GB HDD','14\" Display',NULL,NULL,NULL,'4 Cells Battery','images/1532855120.acer.jpg','2018-07-29 02:35:20','2018-07-29 02:35:20'),(353,5,16,'Acer','ES1432','Pentium N4200',335,'4GB RAM','500GB HDD','14\" Display',NULL,NULL,NULL,'4 Cells Battery','images/1532855193.acer.jpg','2018-07-29 02:36:33','2018-07-29 02:36:33'),(354,5,16,'MSI','GS63 7RD','Core i7 7700 HQ',1100,'8GB RAM','1TB HDD','15.6\" Display',NULL,NULL,NULL,'3 Cells Battery','images/1532855425.msi.jpg','2018-07-29 02:40:25','2018-07-29 02:40:25'),(355,5,16,'MSI','PL62 7RC','Core i7 7700 HQ',799,'8GB RAM','1TB HDD','15.6\" Display',NULL,NULL,NULL,'6 Cells Battery','images/1532855637.msi.jpeg','2018-07-29 02:41:39','2018-07-29 02:43:57'),(356,5,16,'Hp','14-bs579TU','Core i3-6006U',399,'4GB RAM','500GB HDD','14\" Display',NULL,NULL,NULL,'4 Cells Battery','images/1532856339.hp.jpg','2018-07-29 02:48:34','2018-07-29 03:13:09'),(357,5,16,'Hp','14-bs076TX','Core i3-6006U',399,'4GB RAM','500GB HDD','14\" Display',NULL,NULL,NULL,'4 Cells Battery','images/1532856282.hp.jpg','2018-07-29 02:50:07','2018-07-29 02:55:05'),(358,5,16,'Asus','X441NA','Celeron N3350',299,'4GB RAM','500GB HDD','14\" Display',NULL,NULL,NULL,'3 Cells Battery','images/1532856099.asus.jpg','2018-07-29 02:51:39','2018-07-29 02:51:39'),(359,5,16,'Asus','X541NA','Celeron N3350',309,'4GB RAM','500GB HDD','15.6\" Display',NULL,NULL,NULL,'3 Cells Battery','images/1532856157.asus.jpg','2018-07-29 02:52:37','2018-07-29 02:52:37'),(360,6,17,'Lenovo','Ideapad 120s-11IAP','Celeron N3350',269,'4GB RAM','500GB HD','11.6\" Display',NULL,NULL,NULL,'2 Cells Battery','images/1532754167.11IAP.jpg','2018-07-27 22:32:47','2018-07-27 22:32:47'),(361,6,17,'Lenovo','Ideapad 320-14IKBN','Celeron N3350',309,'4GB RAM','500GB HD','14\" Display',NULL,NULL,NULL,'3 Cells Battery','images/1532754244,11IAP.jpg','2018-07-27 22:34:04','2018-07-27 22:34:04'),(362,6,17,'Lenovo','Ideapad 320-14AST','A4-9120 Processor',309,'4GB RAM','500GB HD','14\" Display',NULL,NULL,NULL,'2 Cells Battery','images/1532754298.11IAP.jpg','2018-07-27 22:34:58','2018-07-27 22:34:58'),(363,6,17,'Dell','Inspiron 3567','Core i3-6006U',399,'4GB RAM','1TB HD','15.6\" Display',NULL,NULL,NULL,'4 Cells Battery','images/1532754447.dell.png','2018-07-27 22:37:27','2018-07-27 22:37:27'),(364,6,17,'Dell','Inspiron 3462','Pentium N4200',359,'4GB RAM','500GB HDD','14\" Display',NULL,NULL,NULL,'4 Cells Battery','images/1532754519.dell.png','2018-07-27 22:38:39','2018-07-27 22:42:46'),(365,6,17,'Acer','ES1432','Celeron N3350',299,'4GB RAM','500GB HDD','14\" Display',NULL,NULL,NULL,'4 Cells Battery','images/1532855120.acer.jpg','2018-07-29 02:35:20','2018-07-29 02:35:20'),(366,6,17,'Acer','ES1432','Pentium N4200',335,'4GB RAM','500GB HDD','14\" Display',NULL,NULL,NULL,'4 Cells Battery','images/1532855193.acer.jpg','2018-07-29 02:36:33','2018-07-29 02:36:33'),(367,6,17,'MSI','GS63 7RD','Core i7 7700 HQ',1100,'8GB RAM','1TB HDD','15.6\" Display',NULL,NULL,NULL,'3 Cells Battery','images/1532855425.msi.jpg','2018-07-29 02:40:25','2018-07-29 02:40:25'),(368,6,17,'MSI','PL62 7RC','Core i7 7700 HQ',799,'8GB RAM','1TB HDD','15.6\" Display',NULL,NULL,NULL,'6 Cells Battery','images/1532855637.msi.jpeg','2018-07-29 02:41:39','2018-07-29 02:43:57'),(369,6,17,'Hp','14-bs579TU','Core i3-6006U',399,'4GB RAM','500GB HDD','14\" Display',NULL,NULL,NULL,'4 Cells Battery','images/1532856339.hp.jpg','2018-07-29 02:48:34','2018-07-29 03:13:09'),(370,6,17,'Hp','14-bs076TX','Core i3-6006U',399,'4GB RAM','500GB HDD','14\" Display',NULL,NULL,NULL,'4 Cells Battery','images/1532856282.hp.jpg','2018-07-29 02:50:07','2018-07-29 02:55:05'),(371,6,17,'Asus','X441NA','Celeron N3350',299,'4GB RAM','500GB HDD','14\" Display',NULL,NULL,NULL,'3 Cells Battery','images/1532856099.asus.jpg','2018-07-29 02:51:39','2018-07-29 02:51:39'),(372,6,17,'Asus','X541NA','Celeron N3350',309,'4GB RAM','500GB HDD','15.6\" Display',NULL,NULL,NULL,'3 Cells Battery','images/1532856157.asus.jpg','2018-07-29 02:52:37','2018-07-29 02:52:37'),(373,7,18,'Lenovo','Ideapad 120s-11IAP','Celeron N3350',269,'4GB RAM','500GB HD','11.6\" Display',NULL,NULL,NULL,'2 Cells Battery','images/1532754167.11IAP.jpg','2018-07-27 22:32:47','2018-07-27 22:32:47'),(374,7,18,'Lenovo','Ideapad 320-14IKBN','Celeron N3350',309,'4GB RAM','500GB HD','14\" Display',NULL,NULL,NULL,'3 Cells Battery','images/1532754244,11IAP.jpg','2018-07-27 22:34:04','2018-07-27 22:34:04'),(375,7,18,'Lenovo','Ideapad 320-14AST','A4-9120 Processor',309,'4GB RAM','500GB HD','14\" Display',NULL,NULL,NULL,'2 Cells Battery','images/1532754298.11IAP.jpg','2018-07-27 22:34:58','2018-07-27 22:34:58'),(376,7,18,'Dell','Inspiron 3567','Core i3-6006U',399,'4GB RAM','1TB HD','15.6\" Display',NULL,NULL,NULL,'4 Cells Battery','images/1532754447.dell.png','2018-07-27 22:37:27','2018-07-27 22:37:27'),(377,7,18,'Dell','Inspiron 3462','Pentium N4200',359,'4GB RAM','500GB HDD','14\" Display',NULL,NULL,NULL,'4 Cells Battery','images/1532754519.dell.png','2018-07-27 22:38:39','2018-07-27 22:42:46'),(378,7,18,'Acer','ES1432','Celeron N3350',299,'4GB RAM','500GB HDD','14\" Display',NULL,NULL,NULL,'4 Cells Battery','images/1532855120.acer.jpg','2018-07-29 02:35:20','2018-07-29 02:35:20'),(379,7,18,'Acer','ES1432','Pentium N4200',335,'4GB RAM','500GB HDD','14\" Display',NULL,NULL,NULL,'4 Cells Battery','images/1532855193.acer.jpg','2018-07-29 02:36:33','2018-07-29 02:36:33'),(380,7,18,'MSI','GS63 7RD','Core i7 7700 HQ',1100,'8GB RAM','1TB HDD','15.6\" Display',NULL,NULL,NULL,'3 Cells Battery','images/1532855425.msi.jpg','2018-07-29 02:40:25','2018-07-29 02:40:25'),(381,7,18,'MSI','PL62 7RC','Core i7 7700 HQ',799,'8GB RAM','1TB HDD','15.6\" Display',NULL,NULL,NULL,'6 Cells Battery','images/1532855637.msi.jpeg','2018-07-29 02:41:39','2018-07-29 02:43:57'),(382,7,18,'Hp','14-bs579TU','Core i3-6006U',399,'4GB RAM','500GB HDD','14\" Display',NULL,NULL,NULL,'4 Cells Battery','images/1532856339.hp.jpg','2018-07-29 02:48:34','2018-07-29 03:13:09'),(383,7,18,'Hp','14-bs076TX','Core i3-6006U',399,'4GB RAM','500GB HDD','14\" Display',NULL,NULL,NULL,'4 Cells Battery','images/1532856282.hp.jpg','2018-07-29 02:50:07','2018-07-29 02:55:05'),(384,7,18,'Asus','X441NA','Celeron N3350',299,'4GB RAM','500GB HDD','14\" Display',NULL,NULL,NULL,'3 Cells Battery','images/1532856099.asus.jpg','2018-07-29 02:51:39','2018-07-29 02:51:39'),(385,7,18,'Asus','X541NA','Celeron N3350',309,'4GB RAM','500GB HDD','15.6\" Display',NULL,NULL,NULL,'3 Cells Battery','images/1532856157.asus.jpg','2018-07-29 02:52:37','2018-07-29 02:52:37'),(386,8,19,'Lenovo','Ideapad 120s-11IAP','Celeron N3350',269,'4GB RAM','500GB HD','11.6\" Display',NULL,NULL,NULL,'2 Cells Battery','images/1532754167.11IAP.jpg','2018-07-27 22:32:47','2018-07-27 22:32:47'),(387,8,19,'Lenovo','Ideapad 320-14IKBN','Celeron N3350',309,'4GB RAM','500GB HD','14\" Display',NULL,NULL,NULL,'3 Cells Battery','images/1532754244,11IAP.jpg','2018-07-27 22:34:04','2018-07-27 22:34:04'),(388,8,19,'Lenovo','Ideapad 320-14AST','A4-9120 Processor',309,'4GB RAM','500GB HD','14\" Display',NULL,NULL,NULL,'2 Cells Battery','images/1532754298.11IAP.jpg','2018-07-27 22:34:58','2018-07-27 22:34:58'),(389,8,19,'Dell','Inspiron 3567','Core i3-6006U',399,'4GB RAM','1TB HD','15.6\" Display',NULL,NULL,NULL,'4 Cells Battery','images/1532754447.dell.png','2018-07-27 22:37:27','2018-07-27 22:37:27'),(390,8,19,'Dell','Inspiron 3462','Pentium N4200',359,'4GB RAM','500GB HDD','14\" Display',NULL,NULL,NULL,'4 Cells Battery','images/1532754519.dell.png','2018-07-27 22:38:39','2018-07-27 22:42:46'),(391,8,19,'Acer','ES1432','Celeron N3350',299,'4GB RAM','500GB HDD','14\" Display',NULL,NULL,NULL,'4 Cells Battery','images/1532855120.acer.jpg','2018-07-29 02:35:20','2018-07-29 02:35:20'),(392,8,19,'Acer','ES1432','Pentium N4200',335,'4GB RAM','500GB HDD','14\" Display',NULL,NULL,NULL,'4 Cells Battery','images/1532855193.acer.jpg','2018-07-29 02:36:33','2018-07-29 02:36:33'),(393,8,19,'MSI','GS63 7RD','Core i7 7700 HQ',1100,'8GB RAM','1TB HDD','15.6\" Display',NULL,NULL,NULL,'3 Cells Battery','images/1532855425.msi.jpg','2018-07-29 02:40:25','2018-07-29 02:40:25'),(394,8,19,'MSI','PL62 7RC','Core i7 7700 HQ',799,'8GB RAM','1TB HDD','15.6\" Display',NULL,NULL,NULL,'6 Cells Battery','images/1532855637.msi.jpeg','2018-07-29 02:41:39','2018-07-29 02:43:57'),(395,8,19,'Hp','14-bs579TU','Core i3-6006U',399,'4GB RAM','500GB HDD','14\" Display',NULL,NULL,NULL,'4 Cells Battery','images/1532856339.hp.jpg','2018-07-29 02:48:34','2018-07-29 03:13:09'),(396,8,19,'Hp','14-bs076TX','Core i3-6006U',399,'4GB RAM','500GB HDD','14\" Display',NULL,NULL,NULL,'4 Cells Battery','images/1532856282.hp.jpg','2018-07-29 02:50:07','2018-07-29 02:55:05'),(397,8,19,'Asus','X441NA','Celeron N3350',299,'4GB RAM','500GB HDD','14\" Display',NULL,NULL,NULL,'3 Cells Battery','images/1532856099.asus.jpg','2018-07-29 02:51:39','2018-07-29 02:51:39'),(398,8,19,'Asus','X541NA','Celeron N3350',309,'4GB RAM','500GB HDD','15.6\" Display',NULL,NULL,NULL,'3 Cells Battery','images/1532856157.asus.jpg','2018-07-29 02:52:37','2018-07-29 02:52:37'),(399,9,9,'Lenovo','Ideapad 120s-11IAP','Celeron N3350',269,'4GB RAM','500GB HD','11.6\" Display',NULL,NULL,NULL,'2 Cells Battery','images/1532754167.11IAP.jpg','2018-07-27 22:32:47','2018-07-27 22:32:47'),(400,9,9,'Lenovo','Ideapad 320-14IKBN','Celeron N3350',309,'4GB RAM','500GB HD','14\" Display',NULL,NULL,NULL,'3 Cells Battery','images/1532754244,11IAP.jpg','2018-07-27 22:34:04','2018-07-27 22:34:04'),(401,9,9,'Lenovo','Ideapad 320-14AST','A4-9120 Processor',309,'4GB RAM','500GB HD','14\" Display',NULL,NULL,NULL,'2 Cells Battery','images/1532754298.11IAP.jpg','2018-07-27 22:34:58','2018-07-27 22:34:58'),(402,9,9,'Dell','Inspiron 3567','Core i3-6006U',399,'4GB RAM','1TB HD','15.6\" Display',NULL,NULL,NULL,'4 Cells Battery','images/1532754447.dell.png','2018-07-27 22:37:27','2018-07-27 22:37:27'),(403,9,9,'Dell','Inspiron 3462','Pentium N4200',359,'4GB RAM','500GB HDD','14\" Display',NULL,NULL,NULL,'4 Cells Battery','images/1532754519.dell.png','2018-07-27 22:38:39','2018-07-27 22:42:46'),(404,9,9,'Acer','ES1432','Celeron N3350',299,'4GB RAM','500GB HDD','14\" Display',NULL,NULL,NULL,'4 Cells Battery','images/1532855120.acer.jpg','2018-07-29 02:35:20','2018-07-29 02:35:20'),(405,9,9,'Acer','ES1432','Pentium N4200',335,'4GB RAM','500GB HDD','14\" Display',NULL,NULL,NULL,'4 Cells Battery','images/1532855193.acer.jpg','2018-07-29 02:36:33','2018-07-29 02:36:33'),(406,9,9,'MSI','GS63 7RD','Core i7 7700 HQ',1100,'8GB RAM','1TB HDD','15.6\" Display',NULL,NULL,NULL,'3 Cells Battery','images/1532855425.msi.jpg','2018-07-29 02:40:25','2018-07-29 02:40:25'),(407,9,9,'MSI','PL62 7RC','Core i7 7700 HQ',799,'8GB RAM','1TB HDD','15.6\" Display',NULL,NULL,NULL,'6 Cells Battery','images/1532855637.msi.jpeg','2018-07-29 02:41:39','2018-07-29 02:43:57'),(408,9,9,'Hp','14-bs579TU','Core i3-6006U',399,'4GB RAM','500GB HDD','14\" Display',NULL,NULL,NULL,'4 Cells Battery','images/1532856339.hp.jpg','2018-07-29 02:48:34','2018-07-29 03:13:09'),(409,9,9,'Hp','14-bs076TX','Core i3-6006U',399,'4GB RAM','500GB HDD','14\" Display',NULL,NULL,NULL,'4 Cells Battery','images/1532856282.hp.jpg','2018-07-29 02:50:07','2018-07-29 02:55:05'),(410,9,9,'Asus','X441NA','Celeron N3350',299,'4GB RAM','500GB HDD','14\" Display',NULL,NULL,NULL,'3 Cells Battery','images/1532856099.asus.jpg','2018-07-29 02:51:39','2018-07-29 02:51:39'),(411,9,9,'Asus','X541NA','Celeron N3350',309,'4GB RAM','500GB HDD','15.6\" Display',NULL,NULL,NULL,'3 Cells Battery','images/1532856157.asus.jpg','2018-07-29 02:52:37','2018-07-29 02:52:37'),(412,10,20,'Lenovo','Ideapad 120s-11IAP','Celeron N3350',269,'4GB RAM','500GB HD','11.6\" Display',NULL,NULL,NULL,'2 Cells Battery','images/1532754167.11IAP.jpg','2018-07-27 22:32:47','2018-07-27 22:32:47'),(413,10,20,'Lenovo','Ideapad 320-14IKBN','Celeron N3350',309,'4GB RAM','500GB HD','14\" Display',NULL,NULL,NULL,'3 Cells Battery','images/1532754244,11IAP.jpg','2018-07-27 22:34:04','2018-07-27 22:34:04'),(414,10,20,'Lenovo','Ideapad 320-14AST','A4-9120 Processor',309,'4GB RAM','500GB HD','14\" Display',NULL,NULL,NULL,'2 Cells Battery','images/1532754298.11IAP.jpg','2018-07-27 22:34:58','2018-07-27 22:34:58'),(415,10,20,'Dell','Inspiron 3567','Core i3-6006U',399,'4GB RAM','1TB HD','15.6\" Display',NULL,NULL,NULL,'4 Cells Battery','images/1532754447.dell.png','2018-07-27 22:37:27','2018-07-27 22:37:27'),(416,10,20,'Dell','Inspiron 3462','Pentium N4200',359,'4GB RAM','500GB HDD','14\" Display',NULL,NULL,NULL,'4 Cells Battery','images/1532754519.dell.png','2018-07-27 22:38:39','2018-07-27 22:42:46'),(417,10,20,'Acer','ES1432','Celeron N3350',299,'4GB RAM','500GB HDD','14\" Display',NULL,NULL,NULL,'4 Cells Battery','images/1532855120.acer.jpg','2018-07-29 02:35:20','2018-07-29 02:35:20'),(418,10,20,'Acer','ES1432','Pentium N4200',335,'4GB RAM','500GB HDD','14\" Display',NULL,NULL,NULL,'4 Cells Battery','images/1532855193.acer.jpg','2018-07-29 02:36:33','2018-07-29 02:36:33'),(419,10,20,'MSI','GS63 7RD','Core i7 7700 HQ',1100,'8GB RAM','1TB HDD','15.6\" Display',NULL,NULL,NULL,'3 Cells Battery','images/1532855425.msi.jpg','2018-07-29 02:40:25','2018-07-29 02:40:25'),(420,10,20,'MSI','PL62 7RC','Core i7 7700 HQ',799,'8GB RAM','1TB HDD','15.6\" Display',NULL,NULL,NULL,'6 Cells Battery','images/1532855637.msi.jpeg','2018-07-29 02:41:39','2018-07-29 02:43:57'),(421,10,20,'Hp','14-bs579TU','Core i3-6006U',399,'4GB RAM','500GB HDD','14\" Display',NULL,NULL,NULL,'4 Cells Battery','images/1532856339.hp.jpg','2018-07-29 02:48:34','2018-07-29 03:13:09'),(422,10,20,'Hp','14-bs076TX','Core i3-6006U',399,'4GB RAM','500GB HDD','14\" Display',NULL,NULL,NULL,'4 Cells Battery','images/1532856282.hp.jpg','2018-07-29 02:50:07','2018-07-29 02:55:05'),(423,10,20,'Asus','X441NA','Celeron N3350',299,'4GB RAM','500GB HDD','14\" Display',NULL,NULL,NULL,'3 Cells Battery','images/1532856099.asus.jpg','2018-07-29 02:51:39','2018-07-29 02:51:39'),(424,10,20,'Asus','X541NA','Celeron N3350',309,'4GB RAM','500GB HDD','15.6\" Display',NULL,NULL,NULL,'3 Cells Battery','images/1532856157.asus.jpg','2018-07-29 02:52:37','2018-07-29 02:52:37'),(425,11,21,'Lenovo','Ideapad 120s-11IAP','Celeron N3350',269,'4GB RAM','500GB HD','11.6\" Display',NULL,NULL,NULL,'2 Cells Battery','images/1532754167.11IAP.jpg','2018-07-27 22:32:47','2018-07-27 22:32:47'),(426,11,21,'Lenovo','Ideapad 320-14IKBN','Celeron N3350',309,'4GB RAM','500GB HD','14\" Display',NULL,NULL,NULL,'3 Cells Battery','images/1532754244,11IAP.jpg','2018-07-27 22:34:04','2018-07-27 22:34:04'),(427,11,21,'Lenovo','Ideapad 320-14AST','A4-9120 Processor',309,'4GB RAM','500GB HD','14\" Display',NULL,NULL,NULL,'2 Cells Battery','images/1532754298.11IAP.jpg','2018-07-27 22:34:58','2018-07-27 22:34:58'),(428,11,21,'Dell','Inspiron 3567','Core i3-6006U',399,'4GB RAM','1TB HD','15.6\" Display',NULL,NULL,NULL,'4 Cells Battery','images/1532754447.dell.png','2018-07-27 22:37:27','2018-07-27 22:37:27'),(429,11,21,'Dell','Inspiron 3462','Pentium N4200',359,'4GB RAM','500GB HDD','14\" Display',NULL,NULL,NULL,'4 Cells Battery','images/1532754519.dell.png','2018-07-27 22:38:39','2018-07-27 22:42:46'),(430,11,21,'Acer','ES1432','Celeron N3350',299,'4GB RAM','500GB HDD','14\" Display',NULL,NULL,NULL,'4 Cells Battery','images/1532855120.acer.jpg','2018-07-29 02:35:20','2018-07-29 02:35:20'),(431,11,21,'Acer','ES1432','Pentium N4200',335,'4GB RAM','500GB HDD','14\" Display',NULL,NULL,NULL,'4 Cells Battery','images/1532855193.acer.jpg','2018-07-29 02:36:33','2018-07-29 02:36:33'),(432,11,21,'MSI','GS63 7RD','Core i7 7700 HQ',1100,'8GB RAM','1TB HDD','15.6\" Display',NULL,NULL,NULL,'3 Cells Battery','images/1532855425.msi.jpg','2018-07-29 02:40:25','2018-07-29 02:40:25'),(433,11,21,'MSI','PL62 7RC','Core i7 7700 HQ',799,'8GB RAM','1TB HDD','15.6\" Display',NULL,NULL,NULL,'6 Cells Battery','images/1532855637.msi.jpeg','2018-07-29 02:41:39','2018-07-29 02:43:57'),(434,11,21,'Hp','14-bs579TU','Core i3-6006U',399,'4GB RAM','500GB HDD','14\" Display',NULL,NULL,NULL,'4 Cells Battery','images/1532856339.hp.jpg','2018-07-29 02:48:34','2018-07-29 03:13:09'),(435,11,21,'Hp','14-bs076TX','Core i3-6006U',399,'4GB RAM','500GB HDD','14\" Display',NULL,NULL,NULL,'4 Cells Battery','images/1532856282.hp.jpg','2018-07-29 02:50:07','2018-07-29 02:55:05'),(436,11,21,'Asus','X441NA','Celeron N3350',299,'4GB RAM','500GB HDD','14\" Display',NULL,NULL,NULL,'3 Cells Battery','images/1532856099.asus.jpg','2018-07-29 02:51:39','2018-07-29 02:51:39'),(437,11,21,'Asus','X541NA','Celeron N3350',309,'4GB RAM','500GB HDD','15.6\" Display',NULL,NULL,NULL,'3 Cells Battery','images/1532856157.asus.jpg','2018-07-29 02:52:37','2018-07-29 02:52:37'),(438,12,22,'Lenovo','Ideapad 120s-11IAP','Celeron N3350',269,'4GB RAM','500GB HD','11.6\" Display',NULL,NULL,NULL,'2 Cells Battery','images/1532754167.11IAP.jpg','2018-07-27 22:32:47','2018-07-27 22:32:47'),(439,12,22,'Lenovo','Ideapad 320-14IKBN','Celeron N3350',309,'4GB RAM','500GB HD','14\" Display',NULL,NULL,NULL,'3 Cells Battery','images/1532754244,11IAP.jpg','2018-07-27 22:34:04','2018-07-27 22:34:04'),(440,12,22,'Lenovo','Ideapad 320-14AST','A4-9120 Processor',309,'4GB RAM','500GB HD','14\" Display',NULL,NULL,NULL,'2 Cells Battery','images/1532754298.11IAP.jpg','2018-07-27 22:34:58','2018-07-27 22:34:58'),(441,12,22,'Dell','Inspiron 3567','Core i3-6006U',399,'4GB RAM','1TB HD','15.6\" Display',NULL,NULL,NULL,'4 Cells Battery','images/1532754447.dell.png','2018-07-27 22:37:27','2018-07-27 22:37:27'),(442,12,22,'Dell','Inspiron 3462','Pentium N4200',359,'4GB RAM','500GB HDD','14\" Display',NULL,NULL,NULL,'4 Cells Battery','images/1532754519.dell.png','2018-07-27 22:38:39','2018-07-27 22:42:46'),(443,12,22,'Acer','ES1432','Celeron N3350',299,'4GB RAM','500GB HDD','14\" Display',NULL,NULL,NULL,'4 Cells Battery','images/1532855120.acer.jpg','2018-07-29 02:35:20','2018-07-29 02:35:20'),(444,12,22,'Acer','ES1432','Pentium N4200',335,'4GB RAM','500GB HDD','14\" Display',NULL,NULL,NULL,'4 Cells Battery','images/1532855193.acer.jpg','2018-07-29 02:36:33','2018-07-29 02:36:33'),(445,12,22,'MSI','GS63 7RD','Core i7 7700 HQ',1100,'8GB RAM','1TB HDD','15.6\" Display',NULL,NULL,NULL,'3 Cells Battery','images/1532855425.msi.jpg','2018-07-29 02:40:25','2018-07-29 02:40:25'),(446,12,22,'MSI','PL62 7RC','Core i7 7700 HQ',799,'8GB RAM','1TB HDD','15.6\" Display',NULL,NULL,NULL,'6 Cells Battery','images/1532855637.msi.jpeg','2018-07-29 02:41:39','2018-07-29 02:43:57'),(447,12,22,'Hp','14-bs579TU','Core i3-6006U',399,'4GB RAM','500GB HDD','14\" Display',NULL,NULL,NULL,'4 Cells Battery','images/1532856339.hp.jpg','2018-07-29 02:48:34','2018-07-29 03:13:09'),(448,12,22,'Hp','14-bs076TX','Core i3-6006U',399,'4GB RAM','500GB HDD','14\" Display',NULL,NULL,NULL,'4 Cells Battery','images/1532856282.hp.jpg','2018-07-29 02:50:07','2018-07-29 02:55:05'),(449,12,22,'Asus','X441NA','Celeron N3350',299,'4GB RAM','500GB HDD','14\" Display',NULL,NULL,NULL,'3 Cells Battery','images/1532856099.asus.jpg','2018-07-29 02:51:39','2018-07-29 02:51:39'),(450,12,22,'Asus','X541NA','Celeron N3350',309,'4GB RAM','500GB HDD','15.6\" Display',NULL,NULL,NULL,'3 Cells Battery','images/1532856157.asus.jpg','2018-07-29 02:52:37','2018-07-29 02:52:37'),(451,3,8,'MSI','GS63 7RD','Core i7 7700 HQ',1112,'8GB RAM','1TB HDD','15.6\" Display',NULL,'2slots','Black','3 Cells Battery','images/1533828107.msi.png','2018-07-28 20:10:25','2018-08-09 02:21:48'),(452,3,8,'Asus','X541NA','Celeron N3350',312,'4GB RAM','500GB HDD','15.6\" Display',NULL,'1 slots','Grey','3 Cells Battery','images/1532856157.asus.jpg','2018-07-28 20:22:37','2018-08-09 01:56:13'),(453,3,8,'Samsung','Samsung  Galaxy Tab J','1.5GHz Quad-C',259000,'1.5GB RAM , 8GB Internal',NULL,'7.0\"','5MP+2MP',NULL,NULL,'4000mAh','images/1533789457.samsung-galaxy-j-tablet.jpg','2018-08-08 15:37:13','2018-08-08 15:39:00'),(454,3,8,'Huawei','Huawei T3','1.4GHz Quad-C',269000,'2GB RAM, 16GB Internal',NULL,'10.0\"','8MP + 5MP',NULL,NULL,'4800mAh','images/1533789884.huawei-mediapad-t3-10.jpg','2018-08-08 15:44:44','2018-08-08 15:44:44'),(455,3,8,'Huawei','Huawei M3 Lite','2.3GHz Octa-C',379000,'3GB RAM, 32GB Internal',NULL,'8.0\"','8MP/8MP',NULL,NULL,'4800mAh','images/1533790123.huawei-mediapad-m3-8-lite-1.jpg','2018-08-08 15:48:43','2018-08-08 15:48:43'),(456,3,8,'Huawei','Huawei T1','1.2GHz Quad-C',119000,'1GB RAM, 8GB Internal',NULL,'7.0\"','2MP/2MP',NULL,NULL,'4100mAh','images/1533790317.huawei-mediapad-t1-70-1.jpg','2018-08-08 15:51:57','2018-08-08 15:51:57'),(457,3,8,'Huawei','Huawei T3 7\"','1.3GHz Quad-C',125000,'1GB RAM, 8GB Internal',NULL,'7.0\"','2MP/2MP',NULL,NULL,'3100mAh','images/1533790478.huawei-mediapad-t3-7.jpg','2018-08-08 15:54:38','2018-08-08 15:54:38'),(458,3,8,'Huawei','Huawei T3 8\"','1.3GHz Quad-C',185000,'2GB RAM, 16GB Internal',NULL,'8.0\"','2MP/2MP',NULL,NULL,'4800mAh','images/1533790607.huawei-mediapad-t3-8-5.jpg','2018-08-08 15:56:47','2018-08-08 15:56:47'),(459,3,8,'Oppo','Oppo A37','1.5GHz Quad-C',169000,'2GB RAM, 16GB Internal',NULL,'5\"','8MP/5MP',NULL,NULL,'2630mAh','images/1533790777.oppo-a37-1.jpg','2018-08-08 15:59:37','2018-08-08 15:59:37'),(460,3,8,'Samsung','Samsung J2 (Pro)','1.4GHz Quad-C',182000,'1.5GB RAM , 16GB Internal',NULL,'5\"','8MP/5MP',NULL,NULL,'2600mAh','images/1533790918.samsung-galaxy-j2-sm-j250-0.jpg','2018-08-08 16:01:58','2018-08-08 16:01:58'),(461,3,8,'Samsung','Samsung J2 (Prime)','1.2GHz Quad-C',159000,'1.5GB RAM , 8GB Internal',NULL,'5\"','8MP',NULL,NULL,'2600mAh','images/1533791041.samsung-galaxy-j2-prime-2016-2.jpg','2018-08-08 16:04:01','2018-08-08 16:04:01'),(462,3,8,'Samsung','Samsung On7','1.4GHz Quad-C',159000,'1.5GB RAM , 8GB Internal',NULL,'5.5\"','13MP',NULL,NULL,'3000mAh','images/1533791265.samsung-galaxy-on7-1.jpg','2018-08-08 16:07:45','2018-08-08 16:07:45'),(463,3,8,'Vivo','Vivo Y53','1.4GHz Quad-C',169000,'2GB RAM, 16GB Internal',NULL,'5\"','8MP/5MP',NULL,NULL,'2500mAh','images/1533791672.vivo-y53-1.jpg','2018-08-08 16:14:32','2018-08-08 16:14:32'),(464,3,8,'Samsung','Samsung Galaxy S8+','Octa-Core',1055000,'4GB RAM, 64GB Internal',NULL,'6.2\"',NULL,NULL,NULL,'3500mAh','images/1533800537.samsung-galaxy-s8-plus-.jpg','2018-08-08 18:42:17','2018-08-08 18:42:17'),(465,3,8,'Samsung','Samsung A8(2018)','2.2GHz Dual + 1.6Hz hexa',615000,'4GB RAM, 32GB Internal',NULL,'5.6\"',NULL,NULL,NULL,'3000mAh','images/1533800789.samsung-galaxy-a8-a530f-2.jpg','2018-08-08 18:46:29','2018-08-08 18:46:29'),(466,3,8,'Huawei','Huawei Nova 2i','2.36GHz Octa-C',339000,'4GB RAM, 64GB Internal',NULL,'5.5\"','16+2MP/13+2MP',NULL,NULL,NULL,'images/1533801023.download(1).jpeg','2018-08-08 18:50:23','2018-08-08 18:50:23'),(467,3,8,'Huawei','Huawei P10 Plus','2.4GHz Octa-C',799000,'4GB RAM, 64GB Internal',NULL,'5.5\"','20+12MP/8MP Leica',NULL,NULL,'3750mAh','images/1533801206.huawei-p10-plus-r1.jpg','2018-08-08 18:53:26','2018-08-08 18:53:26'),(468,3,8,'Vivo','Vivo v7 Plus','1.8GHz Octa-C',399000,'4GB RAM, 64GB Internal',NULL,'5.99\"','16MP/24Mp',NULL,NULL,'3225mAh','images/1533801453.vivo-v7-plus-0.jpg','2018-08-08 18:57:33','2018-08-08 18:57:33'),(469,3,8,'Vivo','Vivo V7','1.8GHz Octa-C',299000,'4GB RAM, 32GB Internal',NULL,'5.7\"','16MP/24Mp',NULL,NULL,'3000mAh','images/1533801654.vivo-v7-1.jpg','2018-08-08 19:00:54','2018-08-08 19:00:54'),(470,3,8,'Vivo','Vivo Y65','Snapdragon 1.4GHz',259000,'3GB RAM, 16GB Internl',NULL,'5.2\"','13MP/5MP',NULL,NULL,'3000mAh','images/1533801919.vivo-y65-1.jpg','2018-08-08 19:05:20','2018-08-08 19:05:20'),(471,3,8,'Xiaomi','Xiaomi MI A1','2.0GHz Octa-C',319000,'4GB RAM, 64GB Internal',NULL,'5.5\"','12MP/5MP',NULL,NULL,'3080mAh','images/1533802096.xiaomi-mi-a1-3.jpg','2018-08-08 19:08:16','2018-08-08 19:08:16'),(472,3,8,'Xiaomi','Xiaomi Note 4','2.5GHz Quad-C',239000,'4GB RAM, 64GB Internal',NULL,'5.5\"','13MP',NULL,NULL,'4100mAh','images/1533802233.xiaomi-redmi-note4-sn-1.jpg','2018-08-08 19:10:33','2018-08-08 19:10:33'),(473,3,8,'Xiaomi','Xiaomi Note 5A (Prime)','1.4GHZ Octa-C',169000,'3GB RAM, 32GB Internal',NULL,'5.5\"','13MP/16MP',NULL,NULL,'3080mAh','images/1533802387.xiaomi-redmi-note-5a-2.jpg','2018-08-08 19:13:07','2018-08-08 19:13:07'),(474,3,8,'Xiaomi','Xiaomi MI 4A','425GHz Quad-C',140000,'2GB RAM, 32GB Internal',NULL,'5\"','13MP/5MP',NULL,NULL,'3120mAh','images/1533802538.xiaomi-redmi-4a-2.jpg','2018-08-08 19:15:38','2018-08-08 19:15:38'),(475,3,8,'Oppo','Oppo F5','2.0GHz Octa-C',369000,'4GB RAM, 32GB Internal',NULL,'6\"','20MP+16MP',NULL,NULL,'3200mAh','images/1533803005.oppo-f5-youth-a73-1.jpg','2018-08-08 19:23:25','2018-08-08 19:23:25'),(476,3,8,'Oppo','Oppp F5 Youth','2.5GHz Octa-C',319000,'3GB RAM, 32GB Internal',NULL,'6\"','16MP',NULL,NULL,'3200mAh','images/1533803180.oppo-f5-youth-a73-1.jpg','2018-08-08 19:26:20','2018-08-08 19:26:20'),(477,3,8,'Other','Canon, LBP 2900',NULL,193000,NULL,NULL,NULL,NULL,NULL,NULL,NULL,'images/1533806429.download(2).jpeg','2018-08-08 20:20:29','2018-08-08 20:20:29'),(478,3,8,'Other','Fuji xerox, M115Z',NULL,210,NULL,NULL,NULL,NULL,NULL,NULL,NULL,'images/1533806598.download(3).jpeg','2018-08-08 20:23:18','2018-08-08 20:23:18'),(479,3,8,'Other','Fuji Xerox, M265Z',NULL,368,NULL,NULL,NULL,NULL,NULL,NULL,NULL,'images/1533806742.images.jpeg','2018-08-08 20:25:42','2018-08-08 20:25:42'),(480,3,8,'Other','Lenovo, Think E1922S 18.5\" Monitor',NULL,94,NULL,NULL,NULL,NULL,NULL,NULL,NULL,'images/1533806828.download(4).jpeg','2018-08-08 20:27:08','2018-08-08 20:27:08'),(481,3,10,'MSI','GS63 7RD','Core i7 7700 HQ',1112,'8GB RAM','1TB HDD','15.6\" Display',NULL,'2slots','Black','3 Cells Battery','images/1533828107.msi.png','2018-07-28 20:10:25','2018-08-09 02:21:48'),(482,3,10,'Asus','X541NA','Celeron N3350',312,'4GB RAM','500GB HDD','15.6\" Display',NULL,'1 slots','Grey','3 Cells Battery','images/1532856157.asus.jpg','2018-07-28 20:22:37','2018-08-09 01:56:13'),(483,3,10,'Samsung','Samsung  Galaxy Tab J','1.5GHz Quad-C',259000,'1.5GB RAM , 8GB Internal',NULL,'7.0\"','5MP+2MP',NULL,NULL,'4000mAh','images/1533789457.samsung-galaxy-j-tablet.jpg','2018-08-08 15:37:13','2018-08-08 15:39:00'),(484,3,10,'Huawei','Huawei T3','1.4GHz Quad-C',269000,'2GB RAM, 16GB Internal',NULL,'10.0\"','8MP + 5MP',NULL,NULL,'4800mAh','images/1533789884.huawei-mediapad-t3-10.jpg','2018-08-08 15:44:44','2018-08-08 15:44:44'),(485,3,10,'Huawei','Huawei M3 Lite','2.3GHz Octa-C',379000,'3GB RAM, 32GB Internal',NULL,'8.0\"','8MP/8MP',NULL,NULL,'4800mAh','images/1533790123.huawei-mediapad-m3-8-lite-1.jpg','2018-08-08 15:48:43','2018-08-08 15:48:43'),(486,3,10,'Huawei','Huawei T1','1.2GHz Quad-C',119000,'1GB RAM, 8GB Internal',NULL,'7.0\"','2MP/2MP',NULL,NULL,'4100mAh','images/1533790317.huawei-mediapad-t1-70-1.jpg','2018-08-08 15:51:57','2018-08-08 15:51:57'),(487,3,10,'Huawei','Huawei T3 7\"','1.3GHz Quad-C',125000,'1GB RAM, 8GB Internal',NULL,'7.0\"','2MP/2MP',NULL,NULL,'3100mAh','images/1533790478.huawei-mediapad-t3-7.jpg','2018-08-08 15:54:38','2018-08-08 15:54:38'),(488,3,10,'Huawei','Huawei T3 8\"','1.3GHz Quad-C',185000,'2GB RAM, 16GB Internal',NULL,'8.0\"','2MP/2MP',NULL,NULL,'4800mAh','images/1533790607.huawei-mediapad-t3-8-5.jpg','2018-08-08 15:56:47','2018-08-08 15:56:47'),(489,3,10,'Oppo','Oppo A37','1.5GHz Quad-C',169000,'2GB RAM, 16GB Internal',NULL,'5\"','8MP/5MP',NULL,NULL,'2630mAh','images/1533790777.oppo-a37-1.jpg','2018-08-08 15:59:37','2018-08-08 15:59:37'),(490,3,10,'Samsung','Samsung J2 (Pro)','1.4GHz Quad-C',182000,'1.5GB RAM , 16GB Internal',NULL,'5\"','8MP/5MP',NULL,NULL,'2600mAh','images/1533790918.samsung-galaxy-j2-sm-j250-0.jpg','2018-08-08 16:01:58','2018-08-08 16:01:58'),(491,3,10,'Samsung','Samsung J2 (Prime)','1.2GHz Quad-C',159000,'1.5GB RAM , 8GB Internal',NULL,'5\"','8MP',NULL,NULL,'2600mAh','images/1533791041.samsung-galaxy-j2-prime-2016-2.jpg','2018-08-08 16:04:01','2018-08-08 16:04:01'),(492,3,10,'Samsung','Samsung On7','1.4GHz Quad-C',159000,'1.5GB RAM , 8GB Internal',NULL,'5.5\"','13MP',NULL,NULL,'3000mAh','images/1533791265.samsung-galaxy-on7-1.jpg','2018-08-08 16:07:45','2018-08-08 16:07:45'),(493,3,10,'Vivo','Vivo Y53','1.4GHz Quad-C',169000,'2GB RAM, 16GB Internal',NULL,'5\"','8MP/5MP',NULL,NULL,'2500mAh','images/1533791672.vivo-y53-1.jpg','2018-08-08 16:14:32','2018-08-08 16:14:32'),(494,3,10,'Samsung','Samsung Galaxy S8+','Octa-Core',1055000,'4GB RAM, 64GB Internal',NULL,'6.2\"',NULL,NULL,NULL,'3500mAh','images/1533800537.samsung-galaxy-s8-plus-.jpg','2018-08-08 18:42:17','2018-08-08 18:42:17'),(495,3,10,'Samsung','Samsung A8(2018)','2.2GHz Dual + 1.6Hz hexa',615000,'4GB RAM, 32GB Internal',NULL,'5.6\"',NULL,NULL,NULL,'3000mAh','images/1533800789.samsung-galaxy-a8-a530f-2.jpg','2018-08-08 18:46:29','2018-08-08 18:46:29'),(496,3,10,'Huawei','Huawei Nova 2i','2.36GHz Octa-C',339000,'4GB RAM, 64GB Internal',NULL,'5.5\"','16+2MP/13+2MP',NULL,NULL,NULL,'images/1533801023.download(1).jpeg','2018-08-08 18:50:23','2018-08-08 18:50:23'),(497,3,10,'Huawei','Huawei P10 Plus','2.4GHz Octa-C',799000,'4GB RAM, 64GB Internal',NULL,'5.5\"','20+12MP/8MP Leica',NULL,NULL,'3750mAh','images/1533801206.huawei-p10-plus-r1.jpg','2018-08-08 18:53:26','2018-08-08 18:53:26'),(498,3,10,'Vivo','Vivo v7 Plus','1.8GHz Octa-C',399000,'4GB RAM, 64GB Internal',NULL,'5.99\"','16MP/24Mp',NULL,NULL,'3225mAh','images/1533801453.vivo-v7-plus-0.jpg','2018-08-08 18:57:33','2018-08-08 18:57:33'),(499,3,10,'Vivo','Vivo V7','1.8GHz Octa-C',299000,'4GB RAM, 32GB Internal',NULL,'5.7\"','16MP/24Mp',NULL,NULL,'3000mAh','images/1533801654.vivo-v7-1.jpg','2018-08-08 19:00:54','2018-08-08 19:00:54'),(500,3,10,'Vivo','Vivo Y65','Snapdragon 1.4GHz',259000,'3GB RAM, 16GB Internl',NULL,'5.2\"','13MP/5MP',NULL,NULL,'3000mAh','images/1533801919.vivo-y65-1.jpg','2018-08-08 19:05:20','2018-08-08 19:05:20'),(501,3,10,'Xiaomi','Xiaomi MI A1','2.0GHz Octa-C',319000,'4GB RAM, 64GB Internal',NULL,'5.5\"','12MP/5MP',NULL,NULL,'3080mAh','images/1533802096.xiaomi-mi-a1-3.jpg','2018-08-08 19:08:16','2018-08-08 19:08:16'),(502,3,10,'Xiaomi','Xiaomi Note 4','2.5GHz Quad-C',239000,'4GB RAM, 64GB Internal',NULL,'5.5\"','13MP',NULL,NULL,'4100mAh','images/1533802233.xiaomi-redmi-note4-sn-1.jpg','2018-08-08 19:10:33','2018-08-08 19:10:33'),(503,3,10,'Xiaomi','Xiaomi Note 5A (Prime)','1.4GHZ Octa-C',169000,'3GB RAM, 32GB Internal',NULL,'5.5\"','13MP/16MP',NULL,NULL,'3080mAh','images/1533802387.xiaomi-redmi-note-5a-2.jpg','2018-08-08 19:13:07','2018-08-08 19:13:07'),(504,3,10,'Xiaomi','Xiaomi MI 4A','425GHz Quad-C',140000,'2GB RAM, 32GB Internal',NULL,'5\"','13MP/5MP',NULL,NULL,'3120mAh','images/1533802538.xiaomi-redmi-4a-2.jpg','2018-08-08 19:15:38','2018-08-08 19:15:38'),(505,3,10,'Oppo','Oppo F5','2.0GHz Octa-C',369000,'4GB RAM, 32GB Internal',NULL,'6\"','20MP+16MP',NULL,NULL,'3200mAh','images/1533803005.oppo-f5-youth-a73-1.jpg','2018-08-08 19:23:25','2018-08-08 19:23:25'),(506,3,10,'Oppo','Oppp F5 Youth','2.5GHz Octa-C',319000,'3GB RAM, 32GB Internal',NULL,'6\"','16MP',NULL,NULL,'3200mAh','images/1533803180.oppo-f5-youth-a73-1.jpg','2018-08-08 19:26:20','2018-08-08 19:26:20'),(507,3,10,'Other','Canon, LBP 2900',NULL,193000,NULL,NULL,NULL,NULL,NULL,NULL,NULL,'images/1533806429.download(2).jpeg','2018-08-08 20:20:29','2018-08-08 20:20:29'),(508,3,10,'Other','Fuji xerox, M115Z',NULL,210,NULL,NULL,NULL,NULL,NULL,NULL,NULL,'images/1533806598.download(3).jpeg','2018-08-08 20:23:18','2018-08-08 20:23:18'),(509,3,10,'Other','Fuji Xerox, M265Z',NULL,3610,NULL,NULL,NULL,NULL,NULL,NULL,NULL,'images/1533806742.images.jpeg','2018-08-08 20:25:42','2018-08-08 20:25:42'),(510,3,10,'Other','Lenovo, Think E1922S 18.5\" Monitor',NULL,94,NULL,NULL,NULL,NULL,NULL,NULL,NULL,'images/1533806828.download(4).jpeg','2018-08-08 20:27:08','2018-08-08 20:27:08'),(511,3,11,'MSI','GS63 7RD','Core i7 7700 HQ',1112,'8GB RAM','1TB HDD','15.6\" Display',NULL,'2slots','Black','3 Cells Battery','images/1533828107.msi.png','2018-07-28 20:10:25','2018-08-09 02:21:48'),(512,3,11,'Asus','X541NA','Celeron N3350',312,'4GB RAM','500GB HDD','15.6\" Display',NULL,'1 slots','Grey','3 Cells Battery','images/1532856157.asus.jpg','2018-07-28 20:22:37','2018-08-09 01:56:13'),(513,3,11,'Samsung','Samsung  Galaxy Tab J','1.5GHz Quad-C',259000,'1.5GB RAM , 8GB Internal',NULL,'7.0\"','5MP+2MP',NULL,NULL,'4000mAh','images/1533789457.samsung-galaxy-j-tablet.jpg','2018-08-08 15:37:13','2018-08-08 15:39:00'),(514,3,11,'Huawei','Huawei T3','1.4GHz Quad-C',269000,'2GB RAM, 16GB Internal',NULL,'10.0\"','8MP + 5MP',NULL,NULL,'4800mAh','images/1533789884.huawei-mediapad-t3-10.jpg','2018-08-08 15:44:44','2018-08-08 15:44:44'),(515,3,11,'Huawei','Huawei M3 Lite','2.3GHz Octa-C',379000,'3GB RAM, 32GB Internal',NULL,'8.0\"','8MP/8MP',NULL,NULL,'4800mAh','images/1533790123.huawei-mediapad-m3-8-lite-1.jpg','2018-08-08 15:48:43','2018-08-08 15:48:43'),(516,3,11,'Huawei','Huawei T1','1.2GHz Quad-C',119000,'1GB RAM, 8GB Internal',NULL,'7.0\"','2MP/2MP',NULL,NULL,'4100mAh','images/1533790317.huawei-mediapad-t1-70-1.jpg','2018-08-08 15:51:57','2018-08-08 15:51:57'),(517,3,11,'Huawei','Huawei T3 7\"','1.3GHz Quad-C',125000,'1GB RAM, 8GB Internal',NULL,'7.0\"','2MP/2MP',NULL,NULL,'3100mAh','images/1533790478.huawei-mediapad-t3-7.jpg','2018-08-08 15:54:38','2018-08-08 15:54:38'),(518,3,11,'Huawei','Huawei T3 8\"','1.3GHz Quad-C',185000,'2GB RAM, 16GB Internal',NULL,'8.0\"','2MP/2MP',NULL,NULL,'4800mAh','images/1533790607.huawei-mediapad-t3-8-5.jpg','2018-08-08 15:56:47','2018-08-08 15:56:47'),(519,3,11,'Oppo','Oppo A37','1.5GHz Quad-C',169000,'2GB RAM, 16GB Internal',NULL,'5\"','8MP/5MP',NULL,NULL,'2630mAh','images/1533790777.oppo-a37-1.jpg','2018-08-08 15:59:37','2018-08-08 15:59:37'),(520,3,11,'Samsung','Samsung J2 (Pro)','1.4GHz Quad-C',182000,'1.5GB RAM , 16GB Internal',NULL,'5\"','8MP/5MP',NULL,NULL,'2600mAh','images/1533790918.samsung-galaxy-j2-sm-j250-0.jpg','2018-08-08 16:01:58','2018-08-08 16:01:58'),(521,3,11,'Samsung','Samsung J2 (Prime)','1.2GHz Quad-C',159000,'1.5GB RAM , 8GB Internal',NULL,'5\"','8MP',NULL,NULL,'2600mAh','images/1533791041.samsung-galaxy-j2-prime-2016-2.jpg','2018-08-08 16:04:01','2018-08-08 16:04:01'),(522,3,11,'Samsung','Samsung On7','1.4GHz Quad-C',159000,'1.5GB RAM , 8GB Internal',NULL,'5.5\"','13MP',NULL,NULL,'3000mAh','images/1533791265.samsung-galaxy-on7-1.jpg','2018-08-08 16:07:45','2018-08-08 16:07:45'),(523,3,11,'Vivo','Vivo Y53','1.4GHz Quad-C',169000,'2GB RAM, 16GB Internal',NULL,'5\"','8MP/5MP',NULL,NULL,'2500mAh','images/1533791672.vivo-y53-1.jpg','2018-08-08 16:14:32','2018-08-08 16:14:32'),(524,3,11,'Samsung','Samsung Galaxy S8+','Octa-Core',1055000,'4GB RAM, 64GB Internal',NULL,'6.2\"',NULL,NULL,NULL,'3500mAh','images/1533800537.samsung-galaxy-s8-plus-.jpg','2018-08-08 18:42:17','2018-08-08 18:42:17'),(525,3,11,'Samsung','Samsung A8(2018)','2.2GHz Dual + 1.6Hz hexa',615000,'4GB RAM, 32GB Internal',NULL,'5.6\"',NULL,NULL,NULL,'3000mAh','images/1533800789.samsung-galaxy-a8-a530f-2.jpg','2018-08-08 18:46:29','2018-08-08 18:46:29'),(526,3,11,'Huawei','Huawei Nova 2i','2.36GHz Octa-C',339000,'4GB RAM, 64GB Internal',NULL,'5.5\"','16+2MP/13+2MP',NULL,NULL,NULL,'images/1533801023.download(1).jpeg','2018-08-08 18:50:23','2018-08-08 18:50:23'),(527,3,11,'Huawei','Huawei P10 Plus','2.4GHz Octa-C',799000,'4GB RAM, 64GB Internal',NULL,'5.5\"','20+12MP/8MP Leica',NULL,NULL,'3750mAh','images/1533801206.huawei-p10-plus-r1.jpg','2018-08-08 18:53:26','2018-08-08 18:53:26'),(528,3,11,'Vivo','Vivo v7 Plus','1.8GHz Octa-C',399000,'4GB RAM, 64GB Internal',NULL,'5.99\"','16MP/24Mp',NULL,NULL,'3225mAh','images/1533801453.vivo-v7-plus-0.jpg','2018-08-08 18:57:33','2018-08-08 18:57:33'),(529,3,11,'Vivo','Vivo V7','1.8GHz Octa-C',299000,'4GB RAM, 32GB Internal',NULL,'5.7\"','16MP/24Mp',NULL,NULL,'3000mAh','images/1533801654.vivo-v7-1.jpg','2018-08-08 19:00:54','2018-08-08 19:00:54'),(530,3,11,'Vivo','Vivo Y65','Snapdragon 1.4GHz',259000,'3GB RAM, 16GB Internl',NULL,'5.2\"','13MP/5MP',NULL,NULL,'3000mAh','images/1533801919.vivo-y65-1.jpg','2018-08-08 19:05:20','2018-08-08 19:05:20'),(531,3,11,'Xiaomi','Xiaomi MI A1','2.0GHz Octa-C',319000,'4GB RAM, 64GB Internal',NULL,'5.5\"','12MP/5MP',NULL,NULL,'3080mAh','images/1533802096.xiaomi-mi-a1-3.jpg','2018-08-08 19:08:16','2018-08-08 19:08:16'),(532,3,11,'Xiaomi','Xiaomi Note 4','2.5GHz Quad-C',239000,'4GB RAM, 64GB Internal',NULL,'5.5\"','13MP',NULL,NULL,'4100mAh','images/1533802233.xiaomi-redmi-note4-sn-1.jpg','2018-08-08 19:10:33','2018-08-08 19:10:33'),(533,3,11,'Xiaomi','Xiaomi Note 5A (Prime)','1.4GHZ Octa-C',169000,'3GB RAM, 32GB Internal',NULL,'5.5\"','13MP/16MP',NULL,NULL,'3080mAh','images/1533802387.xiaomi-redmi-note-5a-2.jpg','2018-08-08 19:13:07','2018-08-08 19:13:07'),(534,3,11,'Xiaomi','Xiaomi MI 4A','425GHz Quad-C',140000,'2GB RAM, 32GB Internal',NULL,'5\"','13MP/5MP',NULL,NULL,'3120mAh','images/1533802538.xiaomi-redmi-4a-2.jpg','2018-08-08 19:15:38','2018-08-08 19:15:38'),(535,3,11,'Oppo','Oppo F5','2.0GHz Octa-C',369000,'4GB RAM, 32GB Internal',NULL,'6\"','20MP+16MP',NULL,NULL,'3200mAh','images/1533803005.oppo-f5-youth-a73-1.jpg','2018-08-08 19:23:25','2018-08-08 19:23:25'),(536,3,11,'Oppo','Oppp F5 Youth','2.5GHz Octa-C',319000,'3GB RAM, 32GB Internal',NULL,'6\"','16MP',NULL,NULL,'3200mAh','images/1533803180.oppo-f5-youth-a73-1.jpg','2018-08-08 19:26:20','2018-08-08 19:26:20'),(537,3,11,'Other','Canon, LBP 2900',NULL,193000,NULL,NULL,NULL,NULL,NULL,NULL,NULL,'images/1533806429.download(2).jpeg','2018-08-08 20:20:29','2018-08-08 20:20:29'),(538,3,11,'Other','Fuji xerox, M115Z',NULL,211,NULL,NULL,NULL,NULL,NULL,NULL,NULL,'images/1533806598.download(3).jpeg','2018-08-08 20:23:18','2018-08-08 20:23:18'),(539,3,11,'Other','Fuji Xerox, M265Z',NULL,3611,NULL,NULL,NULL,NULL,NULL,NULL,NULL,'images/1533806742.images.jpeg','2018-08-08 20:25:42','2018-08-08 20:25:42'),(540,3,11,'Other','Lenovo, Think E1922S 18.5\" Monitor',NULL,94,NULL,NULL,NULL,NULL,NULL,NULL,NULL,'images/1533806828.download(4).jpeg','2018-08-08 20:27:08','2018-08-08 20:27:08'),(541,3,12,'MSI','GS63 7RD','Core i7 7700 HQ',1112,'8GB RAM','1TB HDD','15.6\" Display',NULL,'2slots','Black','3 Cells Battery','images/1533828107.msi.png','2018-07-28 20:10:25','2018-08-09 02:21:48'),(542,3,12,'Asus','X541NA','Celeron N3350',312,'4GB RAM','500GB HDD','15.6\" Display',NULL,'1 slots','Grey','3 Cells Battery','images/1532856157.asus.jpg','2018-07-28 20:22:37','2018-08-09 01:56:13'),(543,3,12,'Samsung','Samsung  Galaxy Tab J','1.5GHz Quad-C',259000,'1.5GB RAM , 8GB Internal',NULL,'7.0\"','5MP+2MP',NULL,NULL,'4000mAh','images/1533789457.samsung-galaxy-j-tablet.jpg','2018-08-08 15:37:13','2018-08-08 15:39:00'),(544,3,12,'Huawei','Huawei T3','1.4GHz Quad-C',269000,'2GB RAM, 16GB Internal',NULL,'10.0\"','8MP + 5MP',NULL,NULL,'4800mAh','images/1533789884.huawei-mediapad-t3-10.jpg','2018-08-08 15:44:44','2018-08-08 15:44:44'),(545,3,12,'Huawei','Huawei M3 Lite','2.3GHz Octa-C',379000,'3GB RAM, 32GB Internal',NULL,'8.0\"','8MP/8MP',NULL,NULL,'4800mAh','images/1533790123.huawei-mediapad-m3-8-lite-1.jpg','2018-08-08 15:48:43','2018-08-08 15:48:43'),(546,3,12,'Huawei','Huawei T1','1.2GHz Quad-C',119000,'1GB RAM, 8GB Internal',NULL,'7.0\"','2MP/2MP',NULL,NULL,'4100mAh','images/1533790317.huawei-mediapad-t1-70-1.jpg','2018-08-08 15:51:57','2018-08-08 15:51:57'),(547,3,12,'Huawei','Huawei T3 7\"','1.3GHz Quad-C',125000,'1GB RAM, 8GB Internal',NULL,'7.0\"','2MP/2MP',NULL,NULL,'3100mAh','images/1533790478.huawei-mediapad-t3-7.jpg','2018-08-08 15:54:38','2018-08-08 15:54:38'),(548,3,12,'Huawei','Huawei T3 8\"','1.3GHz Quad-C',185000,'2GB RAM, 16GB Internal',NULL,'8.0\"','2MP/2MP',NULL,NULL,'4800mAh','images/1533790607.huawei-mediapad-t3-8-5.jpg','2018-08-08 15:56:47','2018-08-08 15:56:47'),(549,3,12,'Oppo','Oppo A37','1.5GHz Quad-C',169000,'2GB RAM, 16GB Internal',NULL,'5\"','8MP/5MP',NULL,NULL,'2630mAh','images/1533790777.oppo-a37-1.jpg','2018-08-08 15:59:37','2018-08-08 15:59:37'),(550,3,12,'Samsung','Samsung J2 (Pro)','1.4GHz Quad-C',182000,'1.5GB RAM , 16GB Internal',NULL,'5\"','8MP/5MP',NULL,NULL,'2600mAh','images/1533790918.samsung-galaxy-j2-sm-j250-0.jpg','2018-08-08 16:01:58','2018-08-08 16:01:58'),(551,3,12,'Samsung','Samsung J2 (Prime)','1.2GHz Quad-C',159000,'1.5GB RAM , 8GB Internal',NULL,'5\"','8MP',NULL,NULL,'2600mAh','images/1533791041.samsung-galaxy-j2-prime-2016-2.jpg','2018-08-08 16:04:01','2018-08-08 16:04:01'),(552,3,12,'Samsung','Samsung On7','1.4GHz Quad-C',159000,'1.5GB RAM , 8GB Internal',NULL,'5.5\"','13MP',NULL,NULL,'3000mAh','images/1533791265.samsung-galaxy-on7-1.jpg','2018-08-08 16:07:45','2018-08-08 16:07:45'),(553,3,12,'Vivo','Vivo Y53','1.4GHz Quad-C',169000,'2GB RAM, 16GB Internal',NULL,'5\"','8MP/5MP',NULL,NULL,'2500mAh','images/1533791672.vivo-y53-1.jpg','2018-08-08 16:14:32','2018-08-08 16:14:32'),(554,3,12,'Samsung','Samsung Galaxy S8+','Octa-Core',1055000,'4GB RAM, 64GB Internal',NULL,'6.2\"',NULL,NULL,NULL,'3500mAh','images/1533800537.samsung-galaxy-s8-plus-.jpg','2018-08-08 18:42:17','2018-08-08 18:42:17'),(555,3,12,'Samsung','Samsung A8(2018)','2.2GHz Dual + 1.6Hz hexa',615000,'4GB RAM, 32GB Internal',NULL,'5.6\"',NULL,NULL,NULL,'3000mAh','images/1533800789.samsung-galaxy-a8-a530f-2.jpg','2018-08-08 18:46:29','2018-08-08 18:46:29'),(556,3,12,'Huawei','Huawei Nova 2i','2.36GHz Octa-C',339000,'4GB RAM, 64GB Internal',NULL,'5.5\"','16+2MP/13+2MP',NULL,NULL,NULL,'images/1533801023.download(1).jpeg','2018-08-08 18:50:23','2018-08-08 18:50:23'),(557,3,12,'Huawei','Huawei P10 Plus','2.4GHz Octa-C',799000,'4GB RAM, 64GB Internal',NULL,'5.5\"','20+12MP/8MP Leica',NULL,NULL,'3750mAh','images/1533801206.huawei-p10-plus-r1.jpg','2018-08-08 18:53:26','2018-08-08 18:53:26'),(558,3,12,'Vivo','Vivo v7 Plus','1.8GHz Octa-C',399000,'4GB RAM, 64GB Internal',NULL,'5.99\"','16MP/24Mp',NULL,NULL,'3225mAh','images/1533801453.vivo-v7-plus-0.jpg','2018-08-08 18:57:33','2018-08-08 18:57:33'),(559,3,12,'Vivo','Vivo V7','1.8GHz Octa-C',299000,'4GB RAM, 32GB Internal',NULL,'5.7\"','16MP/24Mp',NULL,NULL,'3000mAh','images/1533801654.vivo-v7-1.jpg','2018-08-08 19:00:54','2018-08-08 19:00:54'),(560,3,12,'Vivo','Vivo Y65','Snapdragon 1.4GHz',259000,'3GB RAM, 16GB Internl',NULL,'5.2\"','13MP/5MP',NULL,NULL,'3000mAh','images/1533801919.vivo-y65-1.jpg','2018-08-08 19:05:20','2018-08-08 19:05:20'),(561,3,12,'Xiaomi','Xiaomi MI A1','2.0GHz Octa-C',319000,'4GB RAM, 64GB Internal',NULL,'5.5\"','12MP/5MP',NULL,NULL,'3080mAh','images/1533802096.xiaomi-mi-a1-3.jpg','2018-08-08 19:08:16','2018-08-08 19:08:16'),(562,3,12,'Xiaomi','Xiaomi Note 4','2.5GHz Quad-C',239000,'4GB RAM, 64GB Internal',NULL,'5.5\"','13MP',NULL,NULL,'4100mAh','images/1533802233.xiaomi-redmi-note4-sn-1.jpg','2018-08-08 19:10:33','2018-08-08 19:10:33'),(563,3,12,'Xiaomi','Xiaomi Note 5A (Prime)','1.4GHZ Octa-C',169000,'3GB RAM, 32GB Internal',NULL,'5.5\"','13MP/16MP',NULL,NULL,'3080mAh','images/1533802387.xiaomi-redmi-note-5a-2.jpg','2018-08-08 19:13:07','2018-08-08 19:13:07'),(564,3,12,'Xiaomi','Xiaomi MI 4A','425GHz Quad-C',140000,'2GB RAM, 32GB Internal',NULL,'5\"','13MP/5MP',NULL,NULL,'3120mAh','images/1533802538.xiaomi-redmi-4a-2.jpg','2018-08-08 19:15:38','2018-08-08 19:15:38'),(565,3,12,'Oppo','Oppo F5','2.0GHz Octa-C',369000,'4GB RAM, 32GB Internal',NULL,'6\"','20MP+16MP',NULL,NULL,'3200mAh','images/1533803005.oppo-f5-youth-a73-1.jpg','2018-08-08 19:23:25','2018-08-08 19:23:25'),(566,3,12,'Oppo','Oppp F5 Youth','2.5GHz Octa-C',319000,'3GB RAM, 32GB Internal',NULL,'6\"','16MP',NULL,NULL,'3200mAh','images/1533803180.oppo-f5-youth-a73-1.jpg','2018-08-08 19:26:20','2018-08-08 19:26:20'),(567,3,12,'Other','Canon, LBP 2900',NULL,193000,NULL,NULL,NULL,NULL,NULL,NULL,NULL,'images/1533806429.download(2).jpeg','2018-08-08 20:20:29','2018-08-08 20:20:29'),(568,3,12,'Other','Fuji xerox, M115Z',NULL,212,NULL,NULL,NULL,NULL,NULL,NULL,NULL,'images/1533806598.download(3).jpeg','2018-08-08 20:23:18','2018-08-08 20:23:18'),(569,3,12,'Other','Fuji Xerox, M265Z',NULL,3612,NULL,NULL,NULL,NULL,NULL,NULL,NULL,'images/1533806742.images.jpeg','2018-08-08 20:25:42','2018-08-08 20:25:42'),(570,3,12,'Other','Lenovo, Think E1922S 18.5\" Monitor',NULL,94,NULL,NULL,NULL,NULL,NULL,NULL,NULL,'images/1533806828.download(4).jpeg','2018-08-08 20:27:08','2018-08-08 20:27:08'),(571,4,13,'MSI','GS63 7RD','Core i7 7700 HQ',1112,'8GB RAM','1TB HDD','15.6\" Display',NULL,'2slots','Black','3 Cells Battery','images/1533828107.msi.png','2018-07-28 20:10:25','2018-08-09 02:21:48'),(572,4,13,'Asus','X541NA','Celeron N3350',312,'4GB RAM','500GB HDD','15.6\" Display',NULL,'1 slots','Grey','3 Cells Battery','images/1532856157.asus.jpg','2018-07-28 20:22:37','2018-08-09 01:56:13'),(573,4,13,'Samsung','Samsung  Galaxy Tab J','1.5GHz Quad-C',259000,'1.5GB RAM , 8GB Internal',NULL,'7.0\"','5MP+2MP',NULL,NULL,'4000mAh','images/1533789457.samsung-galaxy-j-tablet.jpg','2018-08-08 15:37:13','2018-08-08 15:39:00'),(574,4,13,'Huawei','Huawei T3','1.4GHz Quad-C',269000,'2GB RAM, 16GB Internal',NULL,'10.0\"','8MP + 5MP',NULL,NULL,'4800mAh','images/1533789884.huawei-mediapad-t3-10.jpg','2018-08-08 15:44:44','2018-08-08 15:44:44'),(575,4,13,'Huawei','Huawei M3 Lite','2.3GHz Octa-C',379000,'3GB RAM, 32GB Internal',NULL,'8.0\"','8MP/8MP',NULL,NULL,'4800mAh','images/1533790123.huawei-mediapad-m3-8-lite-1.jpg','2018-08-08 15:48:43','2018-08-08 15:48:43'),(576,4,13,'Huawei','Huawei T1','1.2GHz Quad-C',119000,'1GB RAM, 8GB Internal',NULL,'7.0\"','2MP/2MP',NULL,NULL,'4100mAh','images/1533790317.huawei-mediapad-t1-70-1.jpg','2018-08-08 15:51:57','2018-08-08 15:51:57'),(577,4,13,'Huawei','Huawei T3 7\"','1.3GHz Quad-C',125000,'1GB RAM, 8GB Internal',NULL,'7.0\"','2MP/2MP',NULL,NULL,'3100mAh','images/1533790478.huawei-mediapad-t3-7.jpg','2018-08-08 15:54:38','2018-08-08 15:54:38'),(578,4,13,'Huawei','Huawei T3 8\"','1.3GHz Quad-C',185000,'2GB RAM, 16GB Internal',NULL,'8.0\"','2MP/2MP',NULL,NULL,'4800mAh','images/1533790607.huawei-mediapad-t3-8-5.jpg','2018-08-08 15:56:47','2018-08-08 15:56:47'),(579,4,13,'Oppo','Oppo A37','1.5GHz Quad-C',169000,'2GB RAM, 16GB Internal',NULL,'5\"','8MP/5MP',NULL,NULL,'2630mAh','images/1533790777.oppo-a37-1.jpg','2018-08-08 15:59:37','2018-08-08 15:59:37'),(580,4,13,'Samsung','Samsung J2 (Pro)','1.4GHz Quad-C',182000,'1.5GB RAM , 16GB Internal',NULL,'5\"','8MP/5MP',NULL,NULL,'2600mAh','images/1533790918.samsung-galaxy-j2-sm-j250-0.jpg','2018-08-08 16:01:58','2018-08-08 16:01:58'),(581,4,13,'Samsung','Samsung J2 (Prime)','1.2GHz Quad-C',159000,'1.5GB RAM , 8GB Internal',NULL,'5\"','8MP',NULL,NULL,'2600mAh','images/1533791041.samsung-galaxy-j2-prime-2016-2.jpg','2018-08-08 16:04:01','2018-08-08 16:04:01'),(582,4,13,'Samsung','Samsung On7','1.4GHz Quad-C',159000,'1.5GB RAM , 8GB Internal',NULL,'5.5\"','13MP',NULL,NULL,'3000mAh','images/1533791265.samsung-galaxy-on7-1.jpg','2018-08-08 16:07:45','2018-08-08 16:07:45'),(583,4,13,'Vivo','Vivo Y53','1.4GHz Quad-C',169000,'2GB RAM, 16GB Internal',NULL,'5\"','8MP/5MP',NULL,NULL,'2500mAh','images/1533791672.vivo-y53-1.jpg','2018-08-08 16:14:32','2018-08-08 16:14:32'),(584,4,13,'Samsung','Samsung Galaxy S8+','Octa-Core',1055000,'4GB RAM, 64GB Internal',NULL,'6.2\"',NULL,NULL,NULL,'3500mAh','images/1533800537.samsung-galaxy-s8-plus-.jpg','2018-08-08 18:42:17','2018-08-08 18:42:17'),(585,4,13,'Samsung','Samsung A8(2018)','2.2GHz Dual + 1.6Hz hexa',615000,'4GB RAM, 32GB Internal',NULL,'5.6\"',NULL,NULL,NULL,'3000mAh','images/1533800789.samsung-galaxy-a8-a530f-2.jpg','2018-08-08 18:46:29','2018-08-08 18:46:29'),(586,4,13,'Huawei','Huawei Nova 2i','2.36GHz Octa-C',339000,'4GB RAM, 64GB Internal',NULL,'5.5\"','16+2MP/13+2MP',NULL,NULL,NULL,'images/1533801023.download(1).jpeg','2018-08-08 18:50:23','2018-08-08 18:50:23'),(587,4,13,'Huawei','Huawei P10 Plus','2.4GHz Octa-C',799000,'4GB RAM, 64GB Internal',NULL,'5.5\"','20+12MP/8MP Leica',NULL,NULL,'3750mAh','images/1533801206.huawei-p10-plus-r1.jpg','2018-08-08 18:53:26','2018-08-08 18:53:26'),(588,4,13,'Vivo','Vivo v7 Plus','1.8GHz Octa-C',399000,'4GB RAM, 64GB Internal',NULL,'5.99\"','16MP/24Mp',NULL,NULL,'3225mAh','images/1533801453.vivo-v7-plus-0.jpg','2018-08-08 18:57:33','2018-08-08 18:57:33'),(589,4,13,'Vivo','Vivo V7','1.8GHz Octa-C',299000,'4GB RAM, 32GB Internal',NULL,'5.7\"','16MP/24Mp',NULL,NULL,'3000mAh','images/1533801654.vivo-v7-1.jpg','2018-08-08 19:00:54','2018-08-08 19:00:54'),(590,4,13,'Vivo','Vivo Y65','Snapdragon 1.4GHz',259000,'3GB RAM, 16GB Internl',NULL,'5.2\"','13MP/5MP',NULL,NULL,'3000mAh','images/1533801919.vivo-y65-1.jpg','2018-08-08 19:05:20','2018-08-08 19:05:20'),(591,4,13,'Xiaomi','Xiaomi MI A1','2.0GHz Octa-C',319000,'4GB RAM, 64GB Internal',NULL,'5.5\"','12MP/5MP',NULL,NULL,'3080mAh','images/1533802096.xiaomi-mi-a1-3.jpg','2018-08-08 19:08:16','2018-08-08 19:08:16'),(592,4,13,'Xiaomi','Xiaomi Note 4','2.5GHz Quad-C',239000,'4GB RAM, 64GB Internal',NULL,'5.5\"','13MP',NULL,NULL,'4100mAh','images/1533802233.xiaomi-redmi-note4-sn-1.jpg','2018-08-08 19:10:33','2018-08-08 19:10:33'),(593,4,13,'Xiaomi','Xiaomi Note 5A (Prime)','1.4GHZ Octa-C',169000,'3GB RAM, 32GB Internal',NULL,'5.5\"','13MP/16MP',NULL,NULL,'3080mAh','images/1533802387.xiaomi-redmi-note-5a-2.jpg','2018-08-08 19:13:07','2018-08-08 19:13:07'),(594,4,13,'Xiaomi','Xiaomi MI 4A','425GHz Quad-C',140000,'2GB RAM, 32GB Internal',NULL,'5\"','13MP/5MP',NULL,NULL,'3120mAh','images/1533802538.xiaomi-redmi-4a-2.jpg','2018-08-08 19:15:38','2018-08-08 19:15:38'),(595,4,13,'Oppo','Oppo F5','2.0GHz Octa-C',369000,'4GB RAM, 32GB Internal',NULL,'6\"','20MP+16MP',NULL,NULL,'3200mAh','images/1533803005.oppo-f5-youth-a73-1.jpg','2018-08-08 19:23:25','2018-08-08 19:23:25'),(596,4,13,'Oppo','Oppp F5 Youth','2.5GHz Octa-C',319000,'3GB RAM, 32GB Internal',NULL,'6\"','16MP',NULL,NULL,'3200mAh','images/1533803180.oppo-f5-youth-a73-1.jpg','2018-08-08 19:26:20','2018-08-08 19:26:20'),(597,4,13,'Other','Canon, LBP 2900',NULL,193000,NULL,NULL,NULL,NULL,NULL,NULL,NULL,'images/1533806429.download(2).jpeg','2018-08-08 20:20:29','2018-08-08 20:20:29'),(598,4,13,'Other','Fuji xerox, M115Z',NULL,212,NULL,NULL,NULL,NULL,NULL,NULL,NULL,'images/1533806598.download(3).jpeg','2018-08-08 20:23:18','2018-08-08 20:23:18'),(599,4,13,'Other','Fuji Xerox, M265Z',NULL,3612,NULL,NULL,NULL,NULL,NULL,NULL,NULL,'images/1533806742.images.jpeg','2018-08-08 20:25:42','2018-08-08 20:25:42'),(600,4,13,'Other','Lenovo, Think E1922S 18.5\" Monitor',NULL,94,NULL,NULL,NULL,NULL,NULL,NULL,NULL,'images/1533806828.download(4).jpeg','2018-08-08 20:27:08','2018-08-08 20:27:08'),(601,5,15,'MSI','GS63 7RD','Core i7 7700 HQ',1112,'8GB RAM','1TB HDD','15.6\" Display',NULL,'2slots','Black','3 Cells Battery','images/1533828107.msi.png','2018-07-28 20:10:25','2018-08-09 02:21:48'),(602,5,15,'Asus','X541NA','Celeron N3350',312,'4GB RAM','500GB HDD','15.6\" Display',NULL,'1 slots','Grey','3 Cells Battery','images/1532856157.asus.jpg','2018-07-28 20:22:37','2018-08-09 01:56:13'),(603,5,15,'Samsung','Samsung  Galaxy Tab J','1.5GHz Quad-C',259000,'1.5GB RAM , 8GB Internal',NULL,'7.0\"','5MP+2MP',NULL,NULL,'4000mAh','images/1533789457.samsung-galaxy-j-tablet.jpg','2018-08-08 15:37:13','2018-08-08 15:39:00'),(604,5,15,'Huawei','Huawei T3','1.4GHz Quad-C',269000,'2GB RAM, 16GB Internal',NULL,'10.0\"','8MP + 5MP',NULL,NULL,'4800mAh','images/1533789884.huawei-mediapad-t3-10.jpg','2018-08-08 15:44:44','2018-08-08 15:44:44'),(605,5,15,'Huawei','Huawei M3 Lite','2.3GHz Octa-C',379000,'3GB RAM, 32GB Internal',NULL,'8.0\"','8MP/8MP',NULL,NULL,'4800mAh','images/1533790123.huawei-mediapad-m3-8-lite-1.jpg','2018-08-08 15:48:43','2018-08-08 15:48:43'),(606,5,15,'Huawei','Huawei T1','1.2GHz Quad-C',119000,'1GB RAM, 8GB Internal',NULL,'7.0\"','2MP/2MP',NULL,NULL,'4100mAh','images/1533790317.huawei-mediapad-t1-70-1.jpg','2018-08-08 15:51:57','2018-08-08 15:51:57'),(607,5,15,'Huawei','Huawei T3 7\"','1.3GHz Quad-C',125000,'1GB RAM, 8GB Internal',NULL,'7.0\"','2MP/2MP',NULL,NULL,'3100mAh','images/1533790478.huawei-mediapad-t3-7.jpg','2018-08-08 15:54:38','2018-08-08 15:54:38'),(608,5,15,'Huawei','Huawei T3 8\"','1.3GHz Quad-C',185000,'2GB RAM, 16GB Internal',NULL,'8.0\"','2MP/2MP',NULL,NULL,'4800mAh','images/1533790607.huawei-mediapad-t3-8-5.jpg','2018-08-08 15:56:47','2018-08-08 15:56:47'),(609,5,15,'Oppo','Oppo A37','1.5GHz Quad-C',169000,'2GB RAM, 16GB Internal',NULL,'5\"','8MP/5MP',NULL,NULL,'2630mAh','images/1533790777.oppo-a37-1.jpg','2018-08-08 15:59:37','2018-08-08 15:59:37'),(610,5,15,'Samsung','Samsung J2 (Pro)','1.4GHz Quad-C',182000,'1.5GB RAM , 16GB Internal',NULL,'5\"','8MP/5MP',NULL,NULL,'2600mAh','images/1533790918.samsung-galaxy-j2-sm-j250-0.jpg','2018-08-08 16:01:58','2018-08-08 16:01:58'),(611,5,15,'Samsung','Samsung J2 (Prime)','1.2GHz Quad-C',159000,'1.5GB RAM , 8GB Internal',NULL,'5\"','8MP',NULL,NULL,'2600mAh','images/1533791041.samsung-galaxy-j2-prime-2016-2.jpg','2018-08-08 16:04:01','2018-08-08 16:04:01'),(612,5,15,'Samsung','Samsung On7','1.4GHz Quad-C',159000,'1.5GB RAM , 8GB Internal',NULL,'5.5\"','13MP',NULL,NULL,'3000mAh','images/1533791265.samsung-galaxy-on7-1.jpg','2018-08-08 16:07:45','2018-08-08 16:07:45'),(613,5,15,'Vivo','Vivo Y53','1.4GHz Quad-C',169000,'2GB RAM, 16GB Internal',NULL,'5\"','8MP/5MP',NULL,NULL,'2500mAh','images/1533791672.vivo-y53-1.jpg','2018-08-08 16:14:32','2018-08-08 16:14:32'),(614,5,15,'Samsung','Samsung Galaxy S8+','Octa-Core',1055000,'4GB RAM, 64GB Internal',NULL,'6.2\"',NULL,NULL,NULL,'3500mAh','images/1533800537.samsung-galaxy-s8-plus-.jpg','2018-08-08 18:42:17','2018-08-08 18:42:17'),(615,5,15,'Samsung','Samsung A8(2018)','2.2GHz Dual + 1.6Hz hexa',615000,'4GB RAM, 32GB Internal',NULL,'5.6\"',NULL,NULL,NULL,'3000mAh','images/1533800789.samsung-galaxy-a8-a530f-2.jpg','2018-08-08 18:46:29','2018-08-08 18:46:29'),(616,5,15,'Huawei','Huawei Nova 2i','2.36GHz Octa-C',339000,'4GB RAM, 64GB Internal',NULL,'5.5\"','16+2MP/13+2MP',NULL,NULL,NULL,'images/1533801023.download(1).jpeg','2018-08-08 18:50:23','2018-08-08 18:50:23'),(617,5,15,'Huawei','Huawei P10 Plus','2.4GHz Octa-C',799000,'4GB RAM, 64GB Internal',NULL,'5.5\"','20+12MP/8MP Leica',NULL,NULL,'3750mAh','images/1533801206.huawei-p10-plus-r1.jpg','2018-08-08 18:53:26','2018-08-08 18:53:26'),(618,5,15,'Vivo','Vivo v7 Plus','1.8GHz Octa-C',399000,'4GB RAM, 64GB Internal',NULL,'5.99\"','16MP/24Mp',NULL,NULL,'3225mAh','images/1533801453.vivo-v7-plus-0.jpg','2018-08-08 18:57:33','2018-08-08 18:57:33'),(619,5,15,'Vivo','Vivo V7','1.8GHz Octa-C',299000,'4GB RAM, 32GB Internal',NULL,'5.7\"','16MP/24Mp',NULL,NULL,'3000mAh','images/1533801654.vivo-v7-1.jpg','2018-08-08 19:00:54','2018-08-08 19:00:54'),(620,5,15,'Vivo','Vivo Y65','Snapdragon 1.4GHz',259000,'3GB RAM, 16GB Internl',NULL,'5.2\"','13MP/5MP',NULL,NULL,'3000mAh','images/1533801919.vivo-y65-1.jpg','2018-08-08 19:05:20','2018-08-08 19:05:20'),(621,5,15,'Xiaomi','Xiaomi MI A1','2.0GHz Octa-C',319000,'4GB RAM, 64GB Internal',NULL,'5.5\"','12MP/5MP',NULL,NULL,'3080mAh','images/1533802096.xiaomi-mi-a1-3.jpg','2018-08-08 19:08:16','2018-08-08 19:08:16'),(622,5,15,'Xiaomi','Xiaomi Note 4','2.5GHz Quad-C',239000,'4GB RAM, 64GB Internal',NULL,'5.5\"','13MP',NULL,NULL,'4100mAh','images/1533802233.xiaomi-redmi-note4-sn-1.jpg','2018-08-08 19:10:33','2018-08-08 19:10:33'),(623,5,15,'Xiaomi','Xiaomi Note 5A (Prime)','1.4GHZ Octa-C',169000,'3GB RAM, 32GB Internal',NULL,'5.5\"','13MP/16MP',NULL,NULL,'3080mAh','images/1533802387.xiaomi-redmi-note-5a-2.jpg','2018-08-08 19:13:07','2018-08-08 19:13:07'),(624,5,15,'Xiaomi','Xiaomi MI 4A','425GHz Quad-C',140000,'2GB RAM, 32GB Internal',NULL,'5\"','13MP/5MP',NULL,NULL,'3120mAh','images/1533802538.xiaomi-redmi-4a-2.jpg','2018-08-08 19:15:38','2018-08-08 19:15:38'),(625,5,15,'Oppo','Oppo F5','2.0GHz Octa-C',369000,'4GB RAM, 32GB Internal',NULL,'6\"','20MP+16MP',NULL,NULL,'3200mAh','images/1533803005.oppo-f5-youth-a73-1.jpg','2018-08-08 19:23:25','2018-08-08 19:23:25'),(626,5,15,'Oppo','Oppp F5 Youth','2.5GHz Octa-C',319000,'3GB RAM, 32GB Internal',NULL,'6\"','16MP',NULL,NULL,'3200mAh','images/1533803180.oppo-f5-youth-a73-1.jpg','2018-08-08 19:26:20','2018-08-08 19:26:20'),(627,5,15,'Other','Canon, LBP 2900',NULL,193000,NULL,NULL,NULL,NULL,NULL,NULL,NULL,'images/1533806429.download(2).jpeg','2018-08-08 20:20:29','2018-08-08 20:20:29'),(628,5,15,'Other','Fuji xerox, M115Z',NULL,212,NULL,NULL,NULL,NULL,NULL,NULL,NULL,'images/1533806598.download(3).jpeg','2018-08-08 20:23:18','2018-08-08 20:23:18'),(629,5,15,'Other','Fuji Xerox, M265Z',NULL,3612,NULL,NULL,NULL,NULL,NULL,NULL,NULL,'images/1533806742.images.jpeg','2018-08-08 20:25:42','2018-08-08 20:25:42'),(630,5,15,'Other','Lenovo, Think E1922S 18.5\" Monitor',NULL,94,NULL,NULL,NULL,NULL,NULL,NULL,NULL,'images/1533806828.download(4).jpeg','2018-08-08 20:27:08','2018-08-08 20:27:08'),(631,5,16,'MSI','GS63 7RD','Core i7 7700 HQ',1112,'8GB RAM','1TB HDD','15.6\" Display',NULL,'2slots','Black','3 Cells Battery','images/1533828107.msi.png','2018-07-28 20:10:25','2018-08-09 02:21:48'),(632,5,16,'Asus','X541NA','Celeron N3350',312,'4GB RAM','500GB HDD','15.6\" Display',NULL,'1 slots','Grey','3 Cells Battery','images/1532856157.asus.jpg','2018-07-28 20:22:37','2018-08-09 01:56:13'),(633,5,16,'Samsung','Samsung  Galaxy Tab J','1.5GHz Quad-C',259000,'1.5GB RAM , 8GB Internal',NULL,'7.0\"','5MP+2MP',NULL,NULL,'4000mAh','images/1533789457.samsung-galaxy-j-tablet.jpg','2018-08-08 15:37:13','2018-08-08 15:39:00'),(634,5,16,'Huawei','Huawei T3','1.4GHz Quad-C',269000,'2GB RAM, 16GB Internal',NULL,'10.0\"','8MP + 5MP',NULL,NULL,'4800mAh','images/1533789884.huawei-mediapad-t3-10.jpg','2018-08-08 15:44:44','2018-08-08 15:44:44'),(635,5,16,'Huawei','Huawei M3 Lite','2.3GHz Octa-C',379000,'3GB RAM, 32GB Internal',NULL,'8.0\"','8MP/8MP',NULL,NULL,'4800mAh','images/1533790123.huawei-mediapad-m3-8-lite-1.jpg','2018-08-08 15:48:43','2018-08-08 15:48:43'),(636,5,16,'Huawei','Huawei T1','1.2GHz Quad-C',119000,'1GB RAM, 8GB Internal',NULL,'7.0\"','2MP/2MP',NULL,NULL,'4100mAh','images/1533790317.huawei-mediapad-t1-70-1.jpg','2018-08-08 15:51:57','2018-08-08 15:51:57'),(637,5,16,'Huawei','Huawei T3 7\"','1.3GHz Quad-C',125000,'1GB RAM, 8GB Internal',NULL,'7.0\"','2MP/2MP',NULL,NULL,'3100mAh','images/1533790478.huawei-mediapad-t3-7.jpg','2018-08-08 15:54:38','2018-08-08 15:54:38'),(638,5,16,'Huawei','Huawei T3 8\"','1.3GHz Quad-C',185000,'2GB RAM, 16GB Internal',NULL,'8.0\"','2MP/2MP',NULL,NULL,'4800mAh','images/1533790607.huawei-mediapad-t3-8-5.jpg','2018-08-08 15:56:47','2018-08-08 15:56:47'),(639,5,16,'Oppo','Oppo A37','1.5GHz Quad-C',169000,'2GB RAM, 16GB Internal',NULL,'5\"','8MP/5MP',NULL,NULL,'2630mAh','images/1533790777.oppo-a37-1.jpg','2018-08-08 15:59:37','2018-08-08 15:59:37'),(640,5,16,'Samsung','Samsung J2 (Pro)','1.4GHz Quad-C',182000,'1.5GB RAM , 16GB Internal',NULL,'5\"','8MP/5MP',NULL,NULL,'2600mAh','images/1533790918.samsung-galaxy-j2-sm-j250-0.jpg','2018-08-08 16:01:58','2018-08-08 16:01:58'),(641,5,16,'Samsung','Samsung J2 (Prime)','1.2GHz Quad-C',159000,'1.5GB RAM , 8GB Internal',NULL,'5\"','8MP',NULL,NULL,'2600mAh','images/1533791041.samsung-galaxy-j2-prime-2016-2.jpg','2018-08-08 16:04:01','2018-08-08 16:04:01'),(642,5,16,'Samsung','Samsung On7','1.4GHz Quad-C',159000,'1.5GB RAM , 8GB Internal',NULL,'5.5\"','13MP',NULL,NULL,'3000mAh','images/1533791265.samsung-galaxy-on7-1.jpg','2018-08-08 16:07:45','2018-08-08 16:07:45'),(643,5,16,'Vivo','Vivo Y53','1.4GHz Quad-C',169000,'2GB RAM, 16GB Internal',NULL,'5\"','8MP/5MP',NULL,NULL,'2500mAh','images/1533791672.vivo-y53-1.jpg','2018-08-08 16:14:32','2018-08-08 16:14:32'),(644,5,16,'Samsung','Samsung Galaxy S8+','Octa-Core',1055000,'4GB RAM, 64GB Internal',NULL,'6.2\"',NULL,NULL,NULL,'3500mAh','images/1533800537.samsung-galaxy-s8-plus-.jpg','2018-08-08 18:42:17','2018-08-08 18:42:17'),(645,5,16,'Samsung','Samsung A8(2018)','2.2GHz Dual + 1.6Hz hexa',615000,'4GB RAM, 32GB Internal',NULL,'5.6\"',NULL,NULL,NULL,'3000mAh','images/1533800789.samsung-galaxy-a8-a530f-2.jpg','2018-08-08 18:46:29','2018-08-08 18:46:29'),(646,5,16,'Huawei','Huawei Nova 2i','2.36GHz Octa-C',339000,'4GB RAM, 64GB Internal',NULL,'5.5\"','16+2MP/13+2MP',NULL,NULL,NULL,'images/1533801023.download(1).jpeg','2018-08-08 18:50:23','2018-08-08 18:50:23'),(647,5,16,'Huawei','Huawei P10 Plus','2.4GHz Octa-C',799000,'4GB RAM, 64GB Internal',NULL,'5.5\"','20+12MP/8MP Leica',NULL,NULL,'3750mAh','images/1533801206.huawei-p10-plus-r1.jpg','2018-08-08 18:53:26','2018-08-08 18:53:26'),(648,5,16,'Vivo','Vivo v7 Plus','1.8GHz Octa-C',399000,'4GB RAM, 64GB Internal',NULL,'5.99\"','16MP/24Mp',NULL,NULL,'3225mAh','images/1533801453.vivo-v7-plus-0.jpg','2018-08-08 18:57:33','2018-08-08 18:57:33'),(649,5,16,'Vivo','Vivo V7','1.8GHz Octa-C',299000,'4GB RAM, 32GB Internal',NULL,'5.7\"','16MP/24Mp',NULL,NULL,'3000mAh','images/1533801654.vivo-v7-1.jpg','2018-08-08 19:00:54','2018-08-08 19:00:54'),(650,5,16,'Vivo','Vivo Y65','Snapdragon 1.4GHz',259000,'3GB RAM, 16GB Internl',NULL,'5.2\"','13MP/5MP',NULL,NULL,'3000mAh','images/1533801919.vivo-y65-1.jpg','2018-08-08 19:05:20','2018-08-08 19:05:20'),(651,5,16,'Xiaomi','Xiaomi MI A1','2.0GHz Octa-C',319000,'4GB RAM, 64GB Internal',NULL,'5.5\"','12MP/5MP',NULL,NULL,'3080mAh','images/1533802096.xiaomi-mi-a1-3.jpg','2018-08-08 19:08:16','2018-08-08 19:08:16'),(652,5,16,'Xiaomi','Xiaomi Note 4','2.5GHz Quad-C',239000,'4GB RAM, 64GB Internal',NULL,'5.5\"','13MP',NULL,NULL,'4100mAh','images/1533802233.xiaomi-redmi-note4-sn-1.jpg','2018-08-08 19:10:33','2018-08-08 19:10:33'),(653,5,16,'Xiaomi','Xiaomi Note 5A (Prime)','1.4GHZ Octa-C',169000,'3GB RAM, 32GB Internal',NULL,'5.5\"','13MP/16MP',NULL,NULL,'3080mAh','images/1533802387.xiaomi-redmi-note-5a-2.jpg','2018-08-08 19:13:07','2018-08-08 19:13:07'),(654,5,16,'Xiaomi','Xiaomi MI 4A','425GHz Quad-C',140000,'2GB RAM, 32GB Internal',NULL,'5\"','13MP/5MP',NULL,NULL,'3120mAh','images/1533802538.xiaomi-redmi-4a-2.jpg','2018-08-08 19:15:38','2018-08-08 19:15:38'),(655,5,16,'Oppo','Oppo F5','2.0GHz Octa-C',369000,'4GB RAM, 32GB Internal',NULL,'6\"','20MP+16MP',NULL,NULL,'3200mAh','images/1533803005.oppo-f5-youth-a73-1.jpg','2018-08-08 19:23:25','2018-08-08 19:23:25'),(656,5,16,'Oppo','Oppp F5 Youth','2.5GHz Octa-C',319000,'3GB RAM, 32GB Internal',NULL,'6\"','16MP',NULL,NULL,'3200mAh','images/1533803180.oppo-f5-youth-a73-1.jpg','2018-08-08 19:26:20','2018-08-08 19:26:20'),(657,5,16,'Other','Canon, LBP 2900',NULL,193000,NULL,NULL,NULL,NULL,NULL,NULL,NULL,'images/1533806429.download(2).jpeg','2018-08-08 20:20:29','2018-08-08 20:20:29'),(658,5,16,'Other','Fuji xerox, M115Z',NULL,212,NULL,NULL,NULL,NULL,NULL,NULL,NULL,'images/1533806598.download(3).jpeg','2018-08-08 20:23:18','2018-08-08 20:23:18'),(659,5,16,'Other','Fuji Xerox, M265Z',NULL,3612,NULL,NULL,NULL,NULL,NULL,NULL,NULL,'images/1533806742.images.jpeg','2018-08-08 20:25:42','2018-08-08 20:25:42'),(660,5,16,'Other','Lenovo, Think E1922S 18.5\" Monitor',NULL,94,NULL,NULL,NULL,NULL,NULL,NULL,NULL,'images/1533806828.download(4).jpeg','2018-08-08 20:27:08','2018-08-08 20:27:08'),(661,6,16,'MSI','GS63 7RD','Core i7 7700 HQ',1112,'8GB RAM','1TB HDD','15.6\" Display',NULL,'2slots','Black','3 Cells Battery','images/1533828107.msi.png','2018-07-28 20:10:25','2018-08-09 02:21:48'),(662,6,16,'Asus','X541NA','Celeron N3350',312,'4GB RAM','500GB HDD','15.6\" Display',NULL,'1 slots','Grey','3 Cells Battery','images/1532856157.asus.jpg','2018-07-28 20:22:37','2018-08-09 01:56:13'),(663,6,16,'Samsung','Samsung  Galaxy Tab J','1.5GHz Quad-C',259000,'1.5GB RAM , 8GB Internal',NULL,'7.0\"','5MP+2MP',NULL,NULL,'4000mAh','images/1533789457.samsung-galaxy-j-tablet.jpg','2018-08-08 15:37:13','2018-08-08 15:39:00'),(664,6,16,'Huawei','Huawei T3','1.4GHz Quad-C',269000,'2GB RAM, 16GB Internal',NULL,'10.0\"','8MP + 5MP',NULL,NULL,'4800mAh','images/1533789884.huawei-mediapad-t3-10.jpg','2018-08-08 15:44:44','2018-08-08 15:44:44'),(665,6,16,'Huawei','Huawei M3 Lite','2.3GHz Octa-C',379000,'3GB RAM, 32GB Internal',NULL,'8.0\"','8MP/8MP',NULL,NULL,'4800mAh','images/1533790123.huawei-mediapad-m3-8-lite-1.jpg','2018-08-08 15:48:43','2018-08-08 15:48:43'),(666,6,16,'Huawei','Huawei T1','1.2GHz Quad-C',119000,'1GB RAM, 8GB Internal',NULL,'7.0\"','2MP/2MP',NULL,NULL,'4100mAh','images/1533790317.huawei-mediapad-t1-70-1.jpg','2018-08-08 15:51:57','2018-08-08 15:51:57'),(667,6,16,'Huawei','Huawei T3 7\"','1.3GHz Quad-C',125000,'1GB RAM, 8GB Internal',NULL,'7.0\"','2MP/2MP',NULL,NULL,'3100mAh','images/1533790478.huawei-mediapad-t3-7.jpg','2018-08-08 15:54:38','2018-08-08 15:54:38'),(668,6,16,'Huawei','Huawei T3 8\"','1.3GHz Quad-C',185000,'2GB RAM, 16GB Internal',NULL,'8.0\"','2MP/2MP',NULL,NULL,'4800mAh','images/1533790607.huawei-mediapad-t3-8-5.jpg','2018-08-08 15:56:47','2018-08-08 15:56:47'),(669,6,16,'Oppo','Oppo A37','1.5GHz Quad-C',169000,'2GB RAM, 16GB Internal',NULL,'5\"','8MP/5MP',NULL,NULL,'2630mAh','images/1533790777.oppo-a37-1.jpg','2018-08-08 15:59:37','2018-08-08 15:59:37'),(670,6,16,'Samsung','Samsung J2 (Pro)','1.4GHz Quad-C',182000,'1.5GB RAM , 16GB Internal',NULL,'5\"','8MP/5MP',NULL,NULL,'2600mAh','images/1533790918.samsung-galaxy-j2-sm-j250-0.jpg','2018-08-08 16:01:58','2018-08-08 16:01:58'),(671,6,16,'Samsung','Samsung J2 (Prime)','1.2GHz Quad-C',159000,'1.5GB RAM , 8GB Internal',NULL,'5\"','8MP',NULL,NULL,'2600mAh','images/1533791041.samsung-galaxy-j2-prime-2016-2.jpg','2018-08-08 16:04:01','2018-08-08 16:04:01'),(672,6,16,'Samsung','Samsung On7','1.4GHz Quad-C',159000,'1.5GB RAM , 8GB Internal',NULL,'5.5\"','13MP',NULL,NULL,'3000mAh','images/1533791265.samsung-galaxy-on7-1.jpg','2018-08-08 16:07:45','2018-08-08 16:07:45'),(673,6,16,'Vivo','Vivo Y53','1.4GHz Quad-C',169000,'2GB RAM, 16GB Internal',NULL,'5\"','8MP/5MP',NULL,NULL,'2500mAh','images/1533791672.vivo-y53-1.jpg','2018-08-08 16:14:32','2018-08-08 16:14:32'),(674,6,16,'Samsung','Samsung Galaxy S8+','Octa-Core',1055000,'4GB RAM, 64GB Internal',NULL,'6.2\"',NULL,NULL,NULL,'3500mAh','images/1533800537.samsung-galaxy-s8-plus-.jpg','2018-08-08 18:42:17','2018-08-08 18:42:17'),(675,6,16,'Samsung','Samsung A8(2018)','2.2GHz Dual + 1.6Hz hexa',615000,'4GB RAM, 32GB Internal',NULL,'5.6\"',NULL,NULL,NULL,'3000mAh','images/1533800789.samsung-galaxy-a8-a530f-2.jpg','2018-08-08 18:46:29','2018-08-08 18:46:29'),(676,6,16,'Huawei','Huawei Nova 2i','2.36GHz Octa-C',339000,'4GB RAM, 64GB Internal',NULL,'5.5\"','16+2MP/13+2MP',NULL,NULL,NULL,'images/1533801023.download(1).jpeg','2018-08-08 18:50:23','2018-08-08 18:50:23'),(677,6,16,'Huawei','Huawei P10 Plus','2.4GHz Octa-C',799000,'4GB RAM, 64GB Internal',NULL,'5.5\"','20+12MP/8MP Leica',NULL,NULL,'3750mAh','images/1533801206.huawei-p10-plus-r1.jpg','2018-08-08 18:53:26','2018-08-08 18:53:26'),(678,6,16,'Vivo','Vivo v7 Plus','1.8GHz Octa-C',399000,'4GB RAM, 64GB Internal',NULL,'5.99\"','16MP/24Mp',NULL,NULL,'3225mAh','images/1533801453.vivo-v7-plus-0.jpg','2018-08-08 18:57:33','2018-08-08 18:57:33'),(679,6,16,'Vivo','Vivo V7','1.8GHz Octa-C',299000,'4GB RAM, 32GB Internal',NULL,'5.7\"','16MP/24Mp',NULL,NULL,'3000mAh','images/1533801654.vivo-v7-1.jpg','2018-08-08 19:00:54','2018-08-08 19:00:54'),(680,6,16,'Vivo','Vivo Y65','Snapdragon 1.4GHz',259000,'3GB RAM, 16GB Internl',NULL,'5.2\"','13MP/5MP',NULL,NULL,'3000mAh','images/1533801919.vivo-y65-1.jpg','2018-08-08 19:05:20','2018-08-08 19:05:20'),(681,6,16,'Xiaomi','Xiaomi MI A1','2.0GHz Octa-C',319000,'4GB RAM, 64GB Internal',NULL,'5.5\"','12MP/5MP',NULL,NULL,'3080mAh','images/1533802096.xiaomi-mi-a1-3.jpg','2018-08-08 19:08:16','2018-08-08 19:08:16'),(682,6,16,'Xiaomi','Xiaomi Note 4','2.5GHz Quad-C',239000,'4GB RAM, 64GB Internal',NULL,'5.5\"','13MP',NULL,NULL,'4100mAh','images/1533802233.xiaomi-redmi-note4-sn-1.jpg','2018-08-08 19:10:33','2018-08-08 19:10:33'),(683,6,16,'Xiaomi','Xiaomi Note 5A (Prime)','1.4GHZ Octa-C',169000,'3GB RAM, 32GB Internal',NULL,'5.5\"','13MP/16MP',NULL,NULL,'3080mAh','images/1533802387.xiaomi-redmi-note-5a-2.jpg','2018-08-08 19:13:07','2018-08-08 19:13:07'),(684,6,16,'Xiaomi','Xiaomi MI 4A','425GHz Quad-C',140000,'2GB RAM, 32GB Internal',NULL,'5\"','13MP/5MP',NULL,NULL,'3120mAh','images/1533802538.xiaomi-redmi-4a-2.jpg','2018-08-08 19:15:38','2018-08-08 19:15:38'),(685,6,16,'Oppo','Oppo F5','2.0GHz Octa-C',369000,'4GB RAM, 32GB Internal',NULL,'6\"','20MP+16MP',NULL,NULL,'3200mAh','images/1533803005.oppo-f5-youth-a73-1.jpg','2018-08-08 19:23:25','2018-08-08 19:23:25'),(686,6,16,'Oppo','Oppp F5 Youth','2.5GHz Octa-C',319000,'3GB RAM, 32GB Internal',NULL,'6\"','16MP',NULL,NULL,'3200mAh','images/1533803180.oppo-f5-youth-a73-1.jpg','2018-08-08 19:26:20','2018-08-08 19:26:20'),(687,6,16,'Other','Canon, LBP 2900',NULL,193000,NULL,NULL,NULL,NULL,NULL,NULL,NULL,'images/1533806429.download(2).jpeg','2018-08-08 20:20:29','2018-08-08 20:20:29'),(688,6,16,'Other','Fuji xerox, M115Z',NULL,212,NULL,NULL,NULL,NULL,NULL,NULL,NULL,'images/1533806598.download(3).jpeg','2018-08-08 20:23:18','2018-08-08 20:23:18'),(689,6,16,'Other','Fuji Xerox, M265Z',NULL,3612,NULL,NULL,NULL,NULL,NULL,NULL,NULL,'images/1533806742.images.jpeg','2018-08-08 20:25:42','2018-08-08 20:25:42'),(690,6,16,'Other','Lenovo, Think E1922S 18.5\" Monitor',NULL,94,NULL,NULL,NULL,NULL,NULL,NULL,NULL,'images/1533806828.download(4).jpeg','2018-08-08 20:27:08','2018-08-08 20:27:08'),(691,6,17,'MSI','GS63 7RD','Core i7 7700 HQ',1112,'8GB RAM','1TB HDD','15.6\" Display',NULL,'2slots','Black','3 Cells Battery','images/1533828107.msi.png','2018-07-28 20:10:25','2018-08-09 02:21:48'),(692,6,17,'Asus','X541NA','Celeron N3350',312,'4GB RAM','500GB HDD','15.6\" Display',NULL,'1 slots','Grey','3 Cells Battery','images/1532856157.asus.jpg','2018-07-28 20:22:37','2018-08-09 01:56:13'),(693,6,17,'Samsung','Samsung  Galaxy Tab J','1.5GHz Quad-C',259000,'1.5GB RAM , 8GB Internal',NULL,'7.0\"','5MP+2MP',NULL,NULL,'4000mAh','images/1533789457.samsung-galaxy-j-tablet.jpg','2018-08-08 15:37:13','2018-08-08 15:39:00'),(694,6,17,'Huawei','Huawei T3','1.4GHz Quad-C',269000,'2GB RAM, 16GB Internal',NULL,'10.0\"','8MP + 5MP',NULL,NULL,'4800mAh','images/1533789884.huawei-mediapad-t3-10.jpg','2018-08-08 15:44:44','2018-08-08 15:44:44'),(695,6,17,'Huawei','Huawei M3 Lite','2.3GHz Octa-C',379000,'3GB RAM, 32GB Internal',NULL,'8.0\"','8MP/8MP',NULL,NULL,'4800mAh','images/1533790123.huawei-mediapad-m3-8-lite-1.jpg','2018-08-08 15:48:43','2018-08-08 15:48:43'),(696,6,17,'Huawei','Huawei T1','1.2GHz Quad-C',119000,'1GB RAM, 8GB Internal',NULL,'7.0\"','2MP/2MP',NULL,NULL,'4100mAh','images/1533790317.huawei-mediapad-t1-70-1.jpg','2018-08-08 15:51:57','2018-08-08 15:51:57'),(697,6,17,'Huawei','Huawei T3 7\"','1.3GHz Quad-C',125000,'1GB RAM, 8GB Internal',NULL,'7.0\"','2MP/2MP',NULL,NULL,'3100mAh','images/1533790478.huawei-mediapad-t3-7.jpg','2018-08-08 15:54:38','2018-08-08 15:54:38'),(698,6,17,'Huawei','Huawei T3 8\"','1.3GHz Quad-C',185000,'2GB RAM, 16GB Internal',NULL,'8.0\"','2MP/2MP',NULL,NULL,'4800mAh','images/1533790607.huawei-mediapad-t3-8-5.jpg','2018-08-08 15:56:47','2018-08-08 15:56:47'),(699,6,17,'Oppo','Oppo A37','1.5GHz Quad-C',169000,'2GB RAM, 16GB Internal',NULL,'5\"','8MP/5MP',NULL,NULL,'2630mAh','images/1533790777.oppo-a37-1.jpg','2018-08-08 15:59:37','2018-08-08 15:59:37'),(700,6,17,'Samsung','Samsung J2 (Pro)','1.4GHz Quad-C',182000,'1.5GB RAM , 16GB Internal',NULL,'5\"','8MP/5MP',NULL,NULL,'2600mAh','images/1533790918.samsung-galaxy-j2-sm-j250-0.jpg','2018-08-08 16:01:58','2018-08-08 16:01:58'),(701,6,17,'Samsung','Samsung J2 (Prime)','1.2GHz Quad-C',159000,'1.5GB RAM , 8GB Internal',NULL,'5\"','8MP',NULL,NULL,'2600mAh','images/1533791041.samsung-galaxy-j2-prime-2016-2.jpg','2018-08-08 16:04:01','2018-08-08 16:04:01'),(702,6,17,'Samsung','Samsung On7','1.4GHz Quad-C',159000,'1.5GB RAM , 8GB Internal',NULL,'5.5\"','13MP',NULL,NULL,'3000mAh','images/1533791265.samsung-galaxy-on7-1.jpg','2018-08-08 16:07:45','2018-08-08 16:07:45'),(703,6,17,'Vivo','Vivo Y53','1.4GHz Quad-C',169000,'2GB RAM, 16GB Internal',NULL,'5\"','8MP/5MP',NULL,NULL,'2500mAh','images/1533791672.vivo-y53-1.jpg','2018-08-08 16:14:32','2018-08-08 16:14:32'),(704,6,17,'Samsung','Samsung Galaxy S8+','Octa-Core',1055000,'4GB RAM, 64GB Internal',NULL,'6.2\"',NULL,NULL,NULL,'3500mAh','images/1533800537.samsung-galaxy-s8-plus-.jpg','2018-08-08 18:42:17','2018-08-08 18:42:17'),(705,6,17,'Samsung','Samsung A8(2018)','2.2GHz Dual + 1.6Hz hexa',615000,'4GB RAM, 32GB Internal',NULL,'5.6\"',NULL,NULL,NULL,'3000mAh','images/1533800789.samsung-galaxy-a8-a530f-2.jpg','2018-08-08 18:46:29','2018-08-08 18:46:29'),(706,6,17,'Huawei','Huawei Nova 2i','2.36GHz Octa-C',339000,'4GB RAM, 64GB Internal',NULL,'5.5\"','16+2MP/13+2MP',NULL,NULL,NULL,'images/1533801023.download(1).jpeg','2018-08-08 18:50:23','2018-08-08 18:50:23'),(707,6,17,'Huawei','Huawei P10 Plus','2.4GHz Octa-C',799000,'4GB RAM, 64GB Internal',NULL,'5.5\"','20+12MP/8MP Leica',NULL,NULL,'3750mAh','images/1533801206.huawei-p10-plus-r1.jpg','2018-08-08 18:53:26','2018-08-08 18:53:26'),(708,6,17,'Vivo','Vivo v7 Plus','1.8GHz Octa-C',399000,'4GB RAM, 64GB Internal',NULL,'5.99\"','16MP/24Mp',NULL,NULL,'3225mAh','images/1533801453.vivo-v7-plus-0.jpg','2018-08-08 18:57:33','2018-08-08 18:57:33'),(709,6,17,'Vivo','Vivo V7','1.8GHz Octa-C',299000,'4GB RAM, 32GB Internal',NULL,'5.7\"','16MP/24Mp',NULL,NULL,'3000mAh','images/1533801654.vivo-v7-1.jpg','2018-08-08 19:00:54','2018-08-08 19:00:54'),(710,6,17,'Vivo','Vivo Y65','Snapdragon 1.4GHz',259000,'3GB RAM, 16GB Internl',NULL,'5.2\"','13MP/5MP',NULL,NULL,'3000mAh','images/1533801919.vivo-y65-1.jpg','2018-08-08 19:05:20','2018-08-08 19:05:20'),(711,6,17,'Xiaomi','Xiaomi MI A1','2.0GHz Octa-C',319000,'4GB RAM, 64GB Internal',NULL,'5.5\"','12MP/5MP',NULL,NULL,'3080mAh','images/1533802096.xiaomi-mi-a1-3.jpg','2018-08-08 19:08:16','2018-08-08 19:08:16'),(712,6,17,'Xiaomi','Xiaomi Note 4','2.5GHz Quad-C',239000,'4GB RAM, 64GB Internal',NULL,'5.5\"','13MP',NULL,NULL,'4100mAh','images/1533802233.xiaomi-redmi-note4-sn-1.jpg','2018-08-08 19:10:33','2018-08-08 19:10:33'),(713,6,17,'Xiaomi','Xiaomi Note 5A (Prime)','1.4GHZ Octa-C',169000,'3GB RAM, 32GB Internal',NULL,'5.5\"','13MP/16MP',NULL,NULL,'3080mAh','images/1533802387.xiaomi-redmi-note-5a-2.jpg','2018-08-08 19:13:07','2018-08-08 19:13:07'),(714,6,17,'Xiaomi','Xiaomi MI 4A','425GHz Quad-C',140000,'2GB RAM, 32GB Internal',NULL,'5\"','13MP/5MP',NULL,NULL,'3120mAh','images/1533802538.xiaomi-redmi-4a-2.jpg','2018-08-08 19:15:38','2018-08-08 19:15:38'),(715,6,17,'Oppo','Oppo F5','2.0GHz Octa-C',369000,'4GB RAM, 32GB Internal',NULL,'6\"','20MP+16MP',NULL,NULL,'3200mAh','images/1533803005.oppo-f5-youth-a73-1.jpg','2018-08-08 19:23:25','2018-08-08 19:23:25'),(716,6,17,'Oppo','Oppp F5 Youth','2.5GHz Octa-C',319000,'3GB RAM, 32GB Internal',NULL,'6\"','16MP',NULL,NULL,'3200mAh','images/1533803180.oppo-f5-youth-a73-1.jpg','2018-08-08 19:26:20','2018-08-08 19:26:20'),(717,6,17,'Other','Canon, LBP 2900',NULL,193000,NULL,NULL,NULL,NULL,NULL,NULL,NULL,'images/1533806429.download(2).jpeg','2018-08-08 20:20:29','2018-08-08 20:20:29'),(718,6,17,'Other','Fuji xerox, M115Z',NULL,212,NULL,NULL,NULL,NULL,NULL,NULL,NULL,'images/1533806598.download(3).jpeg','2018-08-08 20:23:18','2018-08-08 20:23:18'),(719,6,17,'Other','Fuji Xerox, M265Z',NULL,3612,NULL,NULL,NULL,NULL,NULL,NULL,NULL,'images/1533806742.images.jpeg','2018-08-08 20:25:42','2018-08-08 20:25:42'),(720,6,17,'Other','Lenovo, Think E1922S 18.5\" Monitor',NULL,94,NULL,NULL,NULL,NULL,NULL,NULL,NULL,'images/1533806828.download(4).jpeg','2018-08-08 20:27:08','2018-08-08 20:27:08'),(721,7,18,'MSI','GS63 7RD','Core i7 7700 HQ',1112,'8GB RAM','1TB HDD','15.6\" Display',NULL,'2slots','Black','3 Cells Battery','images/1533828107.msi.png','2018-07-28 20:10:25','2018-08-09 02:21:48'),(722,7,18,'Asus','X541NA','Celeron N3350',312,'4GB RAM','500GB HDD','15.6\" Display',NULL,'1 slots','Grey','3 Cells Battery','images/1532856157.asus.jpg','2018-07-28 20:22:37','2018-08-09 01:56:13'),(723,7,18,'Samsung','Samsung  Galaxy Tab J','1.5GHz Quad-C',259000,'1.5GB RAM , 8GB Internal',NULL,'7.0\"','5MP+2MP',NULL,NULL,'4000mAh','images/1533789457.samsung-galaxy-j-tablet.jpg','2018-08-08 15:37:13','2018-08-08 15:39:00'),(724,7,18,'Huawei','Huawei T3','1.4GHz Quad-C',269000,'2GB RAM, 16GB Internal',NULL,'10.0\"','8MP + 5MP',NULL,NULL,'4800mAh','images/1533789884.huawei-mediapad-t3-10.jpg','2018-08-08 15:44:44','2018-08-08 15:44:44'),(725,7,18,'Huawei','Huawei M3 Lite','2.3GHz Octa-C',379000,'3GB RAM, 32GB Internal',NULL,'8.0\"','8MP/8MP',NULL,NULL,'4800mAh','images/1533790123.huawei-mediapad-m3-8-lite-1.jpg','2018-08-08 15:48:43','2018-08-08 15:48:43'),(726,7,18,'Huawei','Huawei T1','1.2GHz Quad-C',119000,'1GB RAM, 8GB Internal',NULL,'7.0\"','2MP/2MP',NULL,NULL,'4100mAh','images/1533790317.huawei-mediapad-t1-70-1.jpg','2018-08-08 15:51:57','2018-08-08 15:51:57'),(727,7,18,'Huawei','Huawei T3 7\"','1.3GHz Quad-C',125000,'1GB RAM, 8GB Internal',NULL,'7.0\"','2MP/2MP',NULL,NULL,'3100mAh','images/1533790478.huawei-mediapad-t3-7.jpg','2018-08-08 15:54:38','2018-08-08 15:54:38'),(728,7,18,'Huawei','Huawei T3 8\"','1.3GHz Quad-C',185000,'2GB RAM, 16GB Internal',NULL,'8.0\"','2MP/2MP',NULL,NULL,'4800mAh','images/1533790607.huawei-mediapad-t3-8-5.jpg','2018-08-08 15:56:47','2018-08-08 15:56:47'),(729,7,18,'Oppo','Oppo A37','1.5GHz Quad-C',169000,'2GB RAM, 16GB Internal',NULL,'5\"','8MP/5MP',NULL,NULL,'2630mAh','images/1533790777.oppo-a37-1.jpg','2018-08-08 15:59:37','2018-08-08 15:59:37'),(730,7,18,'Samsung','Samsung J2 (Pro)','1.4GHz Quad-C',182000,'1.5GB RAM , 16GB Internal',NULL,'5\"','8MP/5MP',NULL,NULL,'2600mAh','images/1533790918.samsung-galaxy-j2-sm-j250-0.jpg','2018-08-08 16:01:58','2018-08-08 16:01:58'),(731,7,18,'Samsung','Samsung J2 (Prime)','1.2GHz Quad-C',159000,'1.5GB RAM , 8GB Internal',NULL,'5\"','8MP',NULL,NULL,'2600mAh','images/1533791041.samsung-galaxy-j2-prime-2016-2.jpg','2018-08-08 16:04:01','2018-08-08 16:04:01'),(732,7,18,'Samsung','Samsung On7','1.4GHz Quad-C',159000,'1.5GB RAM , 8GB Internal',NULL,'5.5\"','13MP',NULL,NULL,'3000mAh','images/1533791265.samsung-galaxy-on7-1.jpg','2018-08-08 16:07:45','2018-08-08 16:07:45'),(733,7,18,'Vivo','Vivo Y53','1.4GHz Quad-C',169000,'2GB RAM, 16GB Internal',NULL,'5\"','8MP/5MP',NULL,NULL,'2500mAh','images/1533791672.vivo-y53-1.jpg','2018-08-08 16:14:32','2018-08-08 16:14:32'),(734,7,18,'Samsung','Samsung Galaxy S8+','Octa-Core',1055000,'4GB RAM, 64GB Internal',NULL,'6.2\"',NULL,NULL,NULL,'3500mAh','images/1533800537.samsung-galaxy-s8-plus-.jpg','2018-08-08 18:42:17','2018-08-08 18:42:17'),(735,7,18,'Samsung','Samsung A8(2018)','2.2GHz Dual + 1.6Hz hexa',615000,'4GB RAM, 32GB Internal',NULL,'5.6\"',NULL,NULL,NULL,'3000mAh','images/1533800789.samsung-galaxy-a8-a530f-2.jpg','2018-08-08 18:46:29','2018-08-08 18:46:29'),(736,7,18,'Huawei','Huawei Nova 2i','2.36GHz Octa-C',339000,'4GB RAM, 64GB Internal',NULL,'5.5\"','16+2MP/13+2MP',NULL,NULL,NULL,'images/1533801023.download(1).jpeg','2018-08-08 18:50:23','2018-08-08 18:50:23'),(737,7,18,'Huawei','Huawei P10 Plus','2.4GHz Octa-C',799000,'4GB RAM, 64GB Internal',NULL,'5.5\"','20+12MP/8MP Leica',NULL,NULL,'3750mAh','images/1533801206.huawei-p10-plus-r1.jpg','2018-08-08 18:53:26','2018-08-08 18:53:26'),(738,7,18,'Vivo','Vivo v7 Plus','1.8GHz Octa-C',399000,'4GB RAM, 64GB Internal',NULL,'5.99\"','16MP/24Mp',NULL,NULL,'3225mAh','images/1533801453.vivo-v7-plus-0.jpg','2018-08-08 18:57:33','2018-08-08 18:57:33'),(739,7,18,'Vivo','Vivo V7','1.8GHz Octa-C',299000,'4GB RAM, 32GB Internal',NULL,'5.7\"','16MP/24Mp',NULL,NULL,'3000mAh','images/1533801654.vivo-v7-1.jpg','2018-08-08 19:00:54','2018-08-08 19:00:54'),(740,7,18,'Vivo','Vivo Y65','Snapdragon 1.4GHz',259000,'3GB RAM, 16GB Internl',NULL,'5.2\"','13MP/5MP',NULL,NULL,'3000mAh','images/1533801919.vivo-y65-1.jpg','2018-08-08 19:05:20','2018-08-08 19:05:20'),(741,7,18,'Xiaomi','Xiaomi MI A1','2.0GHz Octa-C',319000,'4GB RAM, 64GB Internal',NULL,'5.5\"','12MP/5MP',NULL,NULL,'3080mAh','images/1533802096.xiaomi-mi-a1-3.jpg','2018-08-08 19:08:16','2018-08-08 19:08:16'),(742,7,18,'Xiaomi','Xiaomi Note 4','2.5GHz Quad-C',239000,'4GB RAM, 64GB Internal',NULL,'5.5\"','13MP',NULL,NULL,'4100mAh','images/1533802233.xiaomi-redmi-note4-sn-1.jpg','2018-08-08 19:10:33','2018-08-08 19:10:33'),(743,7,18,'Xiaomi','Xiaomi Note 5A (Prime)','1.4GHZ Octa-C',169000,'3GB RAM, 32GB Internal',NULL,'5.5\"','13MP/16MP',NULL,NULL,'3080mAh','images/1533802387.xiaomi-redmi-note-5a-2.jpg','2018-08-08 19:13:07','2018-08-08 19:13:07'),(744,7,18,'Xiaomi','Xiaomi MI 4A','425GHz Quad-C',140000,'2GB RAM, 32GB Internal',NULL,'5\"','13MP/5MP',NULL,NULL,'3120mAh','images/1533802538.xiaomi-redmi-4a-2.jpg','2018-08-08 19:15:38','2018-08-08 19:15:38'),(745,7,18,'Oppo','Oppo F5','2.0GHz Octa-C',369000,'4GB RAM, 32GB Internal',NULL,'6\"','20MP+16MP',NULL,NULL,'3200mAh','images/1533803005.oppo-f5-youth-a73-1.jpg','2018-08-08 19:23:25','2018-08-08 19:23:25'),(746,7,18,'Oppo','Oppp F5 Youth','2.5GHz Octa-C',319000,'3GB RAM, 32GB Internal',NULL,'6\"','16MP',NULL,NULL,'3200mAh','images/1533803180.oppo-f5-youth-a73-1.jpg','2018-08-08 19:26:20','2018-08-08 19:26:20'),(747,7,18,'Other','Canon, LBP 2900',NULL,193000,NULL,NULL,NULL,NULL,NULL,NULL,NULL,'images/1533806429.download(2).jpeg','2018-08-08 20:20:29','2018-08-08 20:20:29'),(748,7,18,'Other','Fuji xerox, M115Z',NULL,212,NULL,NULL,NULL,NULL,NULL,NULL,NULL,'images/1533806598.download(3).jpeg','2018-08-08 20:23:18','2018-08-08 20:23:18'),(749,7,18,'Other','Fuji Xerox, M265Z',NULL,3612,NULL,NULL,NULL,NULL,NULL,NULL,NULL,'images/1533806742.images.jpeg','2018-08-08 20:25:42','2018-08-08 20:25:42'),(750,7,18,'Other','Lenovo, Think E1922S 18.5\" Monitor',NULL,94,NULL,NULL,NULL,NULL,NULL,NULL,NULL,'images/1533806828.download(4).jpeg','2018-08-08 20:27:08','2018-08-08 20:27:08'),(751,8,19,'MSI','GS63 7RD','Core i7 7700 HQ',1112,'8GB RAM','1TB HDD','15.6\" Display',NULL,'2slots','Black','3 Cells Battery','images/1533828107.msi.png','2018-07-28 20:10:25','2018-08-09 02:21:48'),(752,8,19,'Asus','X541NA','Celeron N3350',312,'4GB RAM','500GB HDD','15.6\" Display',NULL,'1 slots','Grey','3 Cells Battery','images/1532856157.asus.jpg','2018-07-28 20:22:37','2018-08-09 01:56:13'),(753,8,19,'Samsung','Samsung  Galaxy Tab J','1.5GHz Quad-C',259000,'1.5GB RAM , 8GB Internal',NULL,'7.0\"','5MP+2MP',NULL,NULL,'4000mAh','images/1533789457.samsung-galaxy-j-tablet.jpg','2018-08-08 15:37:13','2018-08-08 15:39:00'),(754,8,19,'Huawei','Huawei T3','1.4GHz Quad-C',269000,'2GB RAM, 16GB Internal',NULL,'10.0\"','8MP + 5MP',NULL,NULL,'4800mAh','images/1533789884.huawei-mediapad-t3-10.jpg','2018-08-08 15:44:44','2018-08-08 15:44:44'),(755,8,19,'Huawei','Huawei M3 Lite','2.3GHz Octa-C',379000,'3GB RAM, 32GB Internal',NULL,'8.0\"','8MP/8MP',NULL,NULL,'4800mAh','images/1533790123.huawei-mediapad-m3-8-lite-1.jpg','2018-08-08 15:48:43','2018-08-08 15:48:43'),(756,8,19,'Huawei','Huawei T1','1.2GHz Quad-C',119000,'1GB RAM, 8GB Internal',NULL,'7.0\"','2MP/2MP',NULL,NULL,'4100mAh','images/1533790317.huawei-mediapad-t1-70-1.jpg','2018-08-08 15:51:57','2018-08-08 15:51:57'),(757,8,19,'Huawei','Huawei T3 7\"','1.3GHz Quad-C',125000,'1GB RAM, 8GB Internal',NULL,'7.0\"','2MP/2MP',NULL,NULL,'3100mAh','images/1533790478.huawei-mediapad-t3-7.jpg','2018-08-08 15:54:38','2018-08-08 15:54:38'),(758,8,19,'Huawei','Huawei T3 8\"','1.3GHz Quad-C',185000,'2GB RAM, 16GB Internal',NULL,'8.0\"','2MP/2MP',NULL,NULL,'4800mAh','images/1533790607.huawei-mediapad-t3-8-5.jpg','2018-08-08 15:56:47','2018-08-08 15:56:47'),(759,8,19,'Oppo','Oppo A37','1.5GHz Quad-C',169000,'2GB RAM, 16GB Internal',NULL,'5\"','8MP/5MP',NULL,NULL,'2630mAh','images/1533790777.oppo-a37-1.jpg','2018-08-08 15:59:37','2018-08-08 15:59:37'),(760,8,19,'Samsung','Samsung J2 (Pro)','1.4GHz Quad-C',182000,'1.5GB RAM , 16GB Internal',NULL,'5\"','8MP/5MP',NULL,NULL,'2600mAh','images/1533790918.samsung-galaxy-j2-sm-j250-0.jpg','2018-08-08 16:01:58','2018-08-08 16:01:58'),(761,8,19,'Samsung','Samsung J2 (Prime)','1.2GHz Quad-C',159000,'1.5GB RAM , 8GB Internal',NULL,'5\"','8MP',NULL,NULL,'2600mAh','images/1533791041.samsung-galaxy-j2-prime-2016-2.jpg','2018-08-08 16:04:01','2018-08-08 16:04:01'),(762,8,19,'Samsung','Samsung On7','1.4GHz Quad-C',159000,'1.5GB RAM , 8GB Internal',NULL,'5.5\"','13MP',NULL,NULL,'3000mAh','images/1533791265.samsung-galaxy-on7-1.jpg','2018-08-08 16:07:45','2018-08-08 16:07:45'),(763,8,19,'Vivo','Vivo Y53','1.4GHz Quad-C',169000,'2GB RAM, 16GB Internal',NULL,'5\"','8MP/5MP',NULL,NULL,'2500mAh','images/1533791672.vivo-y53-1.jpg','2018-08-08 16:14:32','2018-08-08 16:14:32'),(764,8,19,'Samsung','Samsung Galaxy S8+','Octa-Core',1055000,'4GB RAM, 64GB Internal',NULL,'6.2\"',NULL,NULL,NULL,'3500mAh','images/1533800537.samsung-galaxy-s8-plus-.jpg','2018-08-08 18:42:17','2018-08-08 18:42:17'),(765,8,19,'Samsung','Samsung A8(2018)','2.2GHz Dual + 1.6Hz hexa',615000,'4GB RAM, 32GB Internal',NULL,'5.6\"',NULL,NULL,NULL,'3000mAh','images/1533800789.samsung-galaxy-a8-a530f-2.jpg','2018-08-08 18:46:29','2018-08-08 18:46:29'),(766,8,19,'Huawei','Huawei Nova 2i','2.36GHz Octa-C',339000,'4GB RAM, 64GB Internal',NULL,'5.5\"','16+2MP/13+2MP',NULL,NULL,NULL,'images/1533801023.download(1).jpeg','2018-08-08 18:50:23','2018-08-08 18:50:23'),(767,8,19,'Huawei','Huawei P10 Plus','2.4GHz Octa-C',799000,'4GB RAM, 64GB Internal',NULL,'5.5\"','20+12MP/8MP Leica',NULL,NULL,'3750mAh','images/1533801206.huawei-p10-plus-r1.jpg','2018-08-08 18:53:26','2018-08-08 18:53:26'),(768,8,19,'Vivo','Vivo v7 Plus','1.8GHz Octa-C',399000,'4GB RAM, 64GB Internal',NULL,'5.99\"','16MP/24Mp',NULL,NULL,'3225mAh','images/1533801453.vivo-v7-plus-0.jpg','2018-08-08 18:57:33','2018-08-08 18:57:33'),(769,8,19,'Vivo','Vivo V7','1.8GHz Octa-C',299000,'4GB RAM, 32GB Internal',NULL,'5.7\"','16MP/24Mp',NULL,NULL,'3000mAh','images/1533801654.vivo-v7-1.jpg','2018-08-08 19:00:54','2018-08-08 19:00:54'),(770,8,19,'Vivo','Vivo Y65','Snapdragon 1.4GHz',259000,'3GB RAM, 16GB Internl',NULL,'5.2\"','13MP/5MP',NULL,NULL,'3000mAh','images/1533801919.vivo-y65-1.jpg','2018-08-08 19:05:20','2018-08-08 19:05:20'),(771,8,19,'Xiaomi','Xiaomi MI A1','2.0GHz Octa-C',319000,'4GB RAM, 64GB Internal',NULL,'5.5\"','12MP/5MP',NULL,NULL,'3080mAh','images/1533802096.xiaomi-mi-a1-3.jpg','2018-08-08 19:08:16','2018-08-08 19:08:16'),(772,8,19,'Xiaomi','Xiaomi Note 4','2.5GHz Quad-C',239000,'4GB RAM, 64GB Internal',NULL,'5.5\"','13MP',NULL,NULL,'4100mAh','images/1533802233.xiaomi-redmi-note4-sn-1.jpg','2018-08-08 19:10:33','2018-08-08 19:10:33'),(773,8,19,'Xiaomi','Xiaomi Note 5A (Prime)','1.4GHZ Octa-C',169000,'3GB RAM, 32GB Internal',NULL,'5.5\"','13MP/16MP',NULL,NULL,'3080mAh','images/1533802387.xiaomi-redmi-note-5a-2.jpg','2018-08-08 19:13:07','2018-08-08 19:13:07'),(774,8,19,'Xiaomi','Xiaomi MI 4A','425GHz Quad-C',140000,'2GB RAM, 32GB Internal',NULL,'5\"','13MP/5MP',NULL,NULL,'3120mAh','images/1533802538.xiaomi-redmi-4a-2.jpg','2018-08-08 19:15:38','2018-08-08 19:15:38'),(775,8,19,'Oppo','Oppo F5','2.0GHz Octa-C',369000,'4GB RAM, 32GB Internal',NULL,'6\"','20MP+16MP',NULL,NULL,'3200mAh','images/1533803005.oppo-f5-youth-a73-1.jpg','2018-08-08 19:23:25','2018-08-08 19:23:25'),(776,8,19,'Oppo','Oppp F5 Youth','2.5GHz Octa-C',319000,'3GB RAM, 32GB Internal',NULL,'6\"','16MP',NULL,NULL,'3200mAh','images/1533803180.oppo-f5-youth-a73-1.jpg','2018-08-08 19:26:20','2018-08-08 19:26:20'),(777,8,19,'Other','Canon, LBP 2900',NULL,193000,NULL,NULL,NULL,NULL,NULL,NULL,NULL,'images/1533806429.download(2).jpeg','2018-08-08 20:20:29','2018-08-08 20:20:29'),(778,8,19,'Other','Fuji xerox, M115Z',NULL,212,NULL,NULL,NULL,NULL,NULL,NULL,NULL,'images/1533806598.download(3).jpeg','2018-08-08 20:23:18','2018-08-08 20:23:18'),(779,8,19,'Other','Fuji Xerox, M265Z',NULL,3612,NULL,NULL,NULL,NULL,NULL,NULL,NULL,'images/1533806742.images.jpeg','2018-08-08 20:25:42','2018-08-08 20:25:42'),(780,8,19,'Other','Lenovo, Think E1922S 18.5\" Monitor',NULL,94,NULL,NULL,NULL,NULL,NULL,NULL,NULL,'images/1533806828.download(4).jpeg','2018-08-08 20:27:08','2018-08-08 20:27:08'),(781,9,9,'MSI','GS63 7RD','Core i7 7700 HQ',1112,'8GB RAM','1TB HDD','15.6\" Display',NULL,'2slots','Black','3 Cells Battery','images/1533828107.msi.png','2018-07-28 20:10:25','2018-08-09 02:21:48'),(782,9,9,'Asus','X541NA','Celeron N3350',312,'4GB RAM','500GB HDD','15.6\" Display',NULL,'1 slots','Grey','3 Cells Battery','images/1532856157.asus.jpg','2018-07-28 20:22:37','2018-08-09 01:56:13'),(783,9,9,'Samsung','Samsung  Galaxy Tab J','1.5GHz Quad-C',259000,'1.5GB RAM , 8GB Internal',NULL,'7.0\"','5MP+2MP',NULL,NULL,'4000mAh','images/1533789457.samsung-galaxy-j-tablet.jpg','2018-08-08 15:37:13','2018-08-08 15:39:00'),(784,9,9,'Huawei','Huawei T3','1.4GHz Quad-C',269000,'2GB RAM, 16GB Internal',NULL,'10.0\"','8MP + 5MP',NULL,NULL,'4800mAh','images/1533789884.huawei-mediapad-t3-10.jpg','2018-08-08 15:44:44','2018-08-08 15:44:44'),(785,9,9,'Huawei','Huawei M3 Lite','2.3GHz Octa-C',379000,'3GB RAM, 32GB Internal',NULL,'8.0\"','8MP/8MP',NULL,NULL,'4800mAh','images/1533790123.huawei-mediapad-m3-8-lite-1.jpg','2018-08-08 15:48:43','2018-08-08 15:48:43'),(786,9,9,'Huawei','Huawei T1','1.2GHz Quad-C',119000,'1GB RAM, 8GB Internal',NULL,'7.0\"','2MP/2MP',NULL,NULL,'4100mAh','images/1533790317.huawei-mediapad-t1-70-1.jpg','2018-08-08 15:51:57','2018-08-08 15:51:57'),(787,9,9,'Huawei','Huawei T3 7\"','1.3GHz Quad-C',125000,'1GB RAM, 8GB Internal',NULL,'7.0\"','2MP/2MP',NULL,NULL,'3100mAh','images/1533790478.huawei-mediapad-t3-7.jpg','2018-08-08 15:54:38','2018-08-08 15:54:38'),(788,9,9,'Huawei','Huawei T3 8\"','1.3GHz Quad-C',185000,'2GB RAM, 16GB Internal',NULL,'8.0\"','2MP/2MP',NULL,NULL,'4800mAh','images/1533790607.huawei-mediapad-t3-8-5.jpg','2018-08-08 15:56:47','2018-08-08 15:56:47'),(789,9,9,'Oppo','Oppo A37','1.5GHz Quad-C',169000,'2GB RAM, 16GB Internal',NULL,'5\"','8MP/5MP',NULL,NULL,'2630mAh','images/1533790777.oppo-a37-1.jpg','2018-08-08 15:59:37','2018-08-08 15:59:37'),(790,9,9,'Samsung','Samsung J2 (Pro)','1.4GHz Quad-C',182000,'1.5GB RAM , 16GB Internal',NULL,'5\"','8MP/5MP',NULL,NULL,'2600mAh','images/1533790918.samsung-galaxy-j2-sm-j250-0.jpg','2018-08-08 16:01:58','2018-08-08 16:01:58'),(791,9,9,'Samsung','Samsung J2 (Prime)','1.2GHz Quad-C',159000,'1.5GB RAM , 8GB Internal',NULL,'5\"','8MP',NULL,NULL,'2600mAh','images/1533791041.samsung-galaxy-j2-prime-2016-2.jpg','2018-08-08 16:04:01','2018-08-08 16:04:01'),(792,9,9,'Samsung','Samsung On7','1.4GHz Quad-C',159000,'1.5GB RAM , 8GB Internal',NULL,'5.5\"','13MP',NULL,NULL,'3000mAh','images/1533791265.samsung-galaxy-on7-1.jpg','2018-08-08 16:07:45','2018-08-08 16:07:45'),(793,9,9,'Vivo','Vivo Y53','1.4GHz Quad-C',169000,'2GB RAM, 16GB Internal',NULL,'5\"','8MP/5MP',NULL,NULL,'2500mAh','images/1533791672.vivo-y53-1.jpg','2018-08-08 16:14:32','2018-08-08 16:14:32'),(794,9,9,'Samsung','Samsung Galaxy S8+','Octa-Core',1055000,'4GB RAM, 64GB Internal',NULL,'6.2\"',NULL,NULL,NULL,'3500mAh','images/1533800537.samsung-galaxy-s8-plus-.jpg','2018-08-08 18:42:17','2018-08-08 18:42:17'),(795,9,9,'Samsung','Samsung A8(2018)','2.2GHz Dual + 1.6Hz hexa',615000,'4GB RAM, 32GB Internal',NULL,'5.6\"',NULL,NULL,NULL,'3000mAh','images/1533800789.samsung-galaxy-a8-a530f-2.jpg','2018-08-08 18:46:29','2018-08-08 18:46:29'),(796,9,9,'Huawei','Huawei Nova 2i','2.36GHz Octa-C',339000,'4GB RAM, 64GB Internal',NULL,'5.5\"','16+2MP/13+2MP',NULL,NULL,NULL,'images/1533801023.download(1).jpeg','2018-08-08 18:50:23','2018-08-08 18:50:23'),(797,9,9,'Huawei','Huawei P10 Plus','2.4GHz Octa-C',799000,'4GB RAM, 64GB Internal',NULL,'5.5\"','20+12MP/8MP Leica',NULL,NULL,'3750mAh','images/1533801206.huawei-p10-plus-r1.jpg','2018-08-08 18:53:26','2018-08-08 18:53:26'),(798,9,9,'Vivo','Vivo v7 Plus','1.8GHz Octa-C',399000,'4GB RAM, 64GB Internal',NULL,'5.99\"','16MP/24Mp',NULL,NULL,'3225mAh','images/1533801453.vivo-v7-plus-0.jpg','2018-08-08 18:57:33','2018-08-08 18:57:33'),(799,9,9,'Vivo','Vivo V7','1.8GHz Octa-C',299000,'4GB RAM, 32GB Internal',NULL,'5.7\"','16MP/24Mp',NULL,NULL,'3000mAh','images/1533801654.vivo-v7-1.jpg','2018-08-08 19:00:54','2018-08-08 19:00:54'),(800,9,9,'Vivo','Vivo Y65','Snapdragon 1.4GHz',259000,'3GB RAM, 16GB Internl',NULL,'5.2\"','13MP/5MP',NULL,NULL,'3000mAh','images/1533801919.vivo-y65-1.jpg','2018-08-08 19:05:20','2018-08-08 19:05:20'),(801,9,9,'Xiaomi','Xiaomi MI A1','2.0GHz Octa-C',319000,'4GB RAM, 64GB Internal',NULL,'5.5\"','12MP/5MP',NULL,NULL,'3080mAh','images/1533802096.xiaomi-mi-a1-3.jpg','2018-08-08 19:08:16','2018-08-08 19:08:16'),(802,9,9,'Xiaomi','Xiaomi Note 4','2.5GHz Quad-C',239000,'4GB RAM, 64GB Internal',NULL,'5.5\"','13MP',NULL,NULL,'4100mAh','images/1533802233.xiaomi-redmi-note4-sn-1.jpg','2018-08-08 19:10:33','2018-08-08 19:10:33'),(803,9,9,'Xiaomi','Xiaomi Note 5A (Prime)','1.4GHZ Octa-C',169000,'3GB RAM, 32GB Internal',NULL,'5.5\"','13MP/16MP',NULL,NULL,'3080mAh','images/1533802387.xiaomi-redmi-note-5a-2.jpg','2018-08-08 19:13:07','2018-08-08 19:13:07'),(804,9,9,'Xiaomi','Xiaomi MI 4A','425GHz Quad-C',140000,'2GB RAM, 32GB Internal',NULL,'5\"','13MP/5MP',NULL,NULL,'3120mAh','images/1533802538.xiaomi-redmi-4a-2.jpg','2018-08-08 19:15:38','2018-08-08 19:15:38'),(805,9,9,'Oppo','Oppo F5','2.0GHz Octa-C',369000,'4GB RAM, 32GB Internal',NULL,'6\"','20MP+16MP',NULL,NULL,'3200mAh','images/1533803005.oppo-f5-youth-a73-1.jpg','2018-08-08 19:23:25','2018-08-08 19:23:25'),(806,9,9,'Oppo','Oppp F5 Youth','2.5GHz Octa-C',319000,'3GB RAM, 32GB Internal',NULL,'6\"','16MP',NULL,NULL,'3200mAh','images/1533803180.oppo-f5-youth-a73-1.jpg','2018-08-08 19:26:20','2018-08-08 19:26:20'),(807,9,9,'Other','Canon, LBP 2900',NULL,193000,NULL,NULL,NULL,NULL,NULL,NULL,NULL,'images/1533806429.download(2).jpeg','2018-08-08 20:20:29','2018-08-08 20:20:29'),(808,9,9,'Other','Fuji xerox, M115Z',NULL,212,NULL,NULL,NULL,NULL,NULL,NULL,NULL,'images/1533806598.download(3).jpeg','2018-08-08 20:23:18','2018-08-08 20:23:18'),(809,9,9,'Other','Fuji Xerox, M265Z',NULL,3612,NULL,NULL,NULL,NULL,NULL,NULL,NULL,'images/1533806742.images.jpeg','2018-08-08 20:25:42','2018-08-08 20:25:42'),(810,9,9,'Other','Lenovo, Think E1922S 18.5\" Monitor',NULL,94,NULL,NULL,NULL,NULL,NULL,NULL,NULL,'images/1533806828.download(4).jpeg','2018-08-08 20:27:08','2018-08-08 20:27:08'),(811,10,20,'MSI','GS63 7RD','Core i7 7700 HQ',1112,'8GB RAM','1TB HDD','15.6\" Display',NULL,'2slots','Black','3 Cells Battery','images/1533828107.msi.png','2018-07-28 20:10:25','2018-08-09 02:21:48'),(812,10,20,'Asus','X541NA','Celeron N3350',312,'4GB RAM','500GB HDD','15.6\" Display',NULL,'1 slots','Grey','3 Cells Battery','images/1532856157.asus.jpg','2018-07-28 20:22:37','2018-08-09 01:56:13'),(813,10,20,'Samsung','Samsung  Galaxy Tab J','1.5GHz Quad-C',259000,'1.5GB RAM , 8GB Internal',NULL,'7.0\"','5MP+2MP',NULL,NULL,'4000mAh','images/1533789457.samsung-galaxy-j-tablet.jpg','2018-08-08 15:37:13','2018-08-08 15:39:00'),(814,10,20,'Huawei','Huawei T3','1.4GHz Quad-C',269000,'2GB RAM, 16GB Internal',NULL,'10.0\"','8MP + 5MP',NULL,NULL,'4800mAh','images/1533789884.huawei-mediapad-t3-10.jpg','2018-08-08 15:44:44','2018-08-08 15:44:44'),(815,10,20,'Huawei','Huawei M3 Lite','2.3GHz Octa-C',379000,'3GB RAM, 32GB Internal',NULL,'8.0\"','8MP/8MP',NULL,NULL,'4800mAh','images/1533790123.huawei-mediapad-m3-8-lite-1.jpg','2018-08-08 15:48:43','2018-08-08 15:48:43'),(816,10,20,'Huawei','Huawei T1','1.2GHz Quad-C',119000,'1GB RAM, 8GB Internal',NULL,'7.0\"','2MP/2MP',NULL,NULL,'4100mAh','images/1533790317.huawei-mediapad-t1-70-1.jpg','2018-08-08 15:51:57','2018-08-08 15:51:57'),(817,10,20,'Huawei','Huawei T3 7\"','1.3GHz Quad-C',125000,'1GB RAM, 8GB Internal',NULL,'7.0\"','2MP/2MP',NULL,NULL,'3100mAh','images/1533790478.huawei-mediapad-t3-7.jpg','2018-08-08 15:54:38','2018-08-08 15:54:38'),(818,10,20,'Huawei','Huawei T3 8\"','1.3GHz Quad-C',185000,'2GB RAM, 16GB Internal',NULL,'8.0\"','2MP/2MP',NULL,NULL,'4800mAh','images/1533790607.huawei-mediapad-t3-8-5.jpg','2018-08-08 15:56:47','2018-08-08 15:56:47'),(819,10,20,'Oppo','Oppo A37','1.5GHz Quad-C',169000,'2GB RAM, 16GB Internal',NULL,'5\"','8MP/5MP',NULL,NULL,'2630mAh','images/1533790777.oppo-a37-1.jpg','2018-08-08 15:59:37','2018-08-08 15:59:37'),(820,10,20,'Samsung','Samsung J2 (Pro)','1.4GHz Quad-C',182000,'1.5GB RAM , 16GB Internal',NULL,'5\"','8MP/5MP',NULL,NULL,'2600mAh','images/1533790918.samsung-galaxy-j2-sm-j250-0.jpg','2018-08-08 16:01:58','2018-08-08 16:01:58'),(821,10,20,'Samsung','Samsung J2 (Prime)','1.2GHz Quad-C',159000,'1.5GB RAM , 8GB Internal',NULL,'5\"','8MP',NULL,NULL,'2600mAh','images/1533791041.samsung-galaxy-j2-prime-2016-2.jpg','2018-08-08 16:04:01','2018-08-08 16:04:01'),(822,10,20,'Samsung','Samsung On7','1.4GHz Quad-C',159000,'1.5GB RAM , 8GB Internal',NULL,'5.5\"','13MP',NULL,NULL,'3000mAh','images/1533791265.samsung-galaxy-on7-1.jpg','2018-08-08 16:07:45','2018-08-08 16:07:45'),(823,10,20,'Vivo','Vivo Y53','1.4GHz Quad-C',169000,'2GB RAM, 16GB Internal',NULL,'5\"','8MP/5MP',NULL,NULL,'2500mAh','images/1533791672.vivo-y53-1.jpg','2018-08-08 16:14:32','2018-08-08 16:14:32'),(824,10,20,'Samsung','Samsung Galaxy S8+','Octa-Core',1055000,'4GB RAM, 64GB Internal',NULL,'6.2\"',NULL,NULL,NULL,'3500mAh','images/1533800537.samsung-galaxy-s8-plus-.jpg','2018-08-08 18:42:17','2018-08-08 18:42:17'),(825,10,20,'Samsung','Samsung A8(2018)','2.2GHz Dual + 1.6Hz hexa',615000,'4GB RAM, 32GB Internal',NULL,'5.6\"',NULL,NULL,NULL,'3000mAh','images/1533800789.samsung-galaxy-a8-a530f-2.jpg','2018-08-08 18:46:29','2018-08-08 18:46:29'),(826,10,20,'Huawei','Huawei Nova 2i','2.36GHz Octa-C',339000,'4GB RAM, 64GB Internal',NULL,'5.5\"','16+2MP/13+2MP',NULL,NULL,NULL,'images/1533801023.download(1).jpeg','2018-08-08 18:50:23','2018-08-08 18:50:23'),(827,10,20,'Huawei','Huawei P10 Plus','2.4GHz Octa-C',799000,'4GB RAM, 64GB Internal',NULL,'5.5\"','20+12MP/8MP Leica',NULL,NULL,'3750mAh','images/1533801206.huawei-p10-plus-r1.jpg','2018-08-08 18:53:26','2018-08-08 18:53:26'),(828,10,20,'Vivo','Vivo v7 Plus','1.8GHz Octa-C',399000,'4GB RAM, 64GB Internal',NULL,'5.99\"','16MP/24Mp',NULL,NULL,'3225mAh','images/1533801453.vivo-v7-plus-0.jpg','2018-08-08 18:57:33','2018-08-08 18:57:33'),(829,10,20,'Vivo','Vivo V7','1.8GHz Octa-C',299000,'4GB RAM, 32GB Internal',NULL,'5.7\"','16MP/24Mp',NULL,NULL,'3000mAh','images/1533801654.vivo-v7-1.jpg','2018-08-08 19:00:54','2018-08-08 19:00:54'),(830,10,20,'Vivo','Vivo Y65','Snapdragon 1.4GHz',259000,'3GB RAM, 16GB Internl',NULL,'5.2\"','13MP/5MP',NULL,NULL,'3000mAh','images/1533801919.vivo-y65-1.jpg','2018-08-08 19:05:20','2018-08-08 19:05:20'),(831,10,20,'Xiaomi','Xiaomi MI A1','2.0GHz Octa-C',319000,'4GB RAM, 64GB Internal',NULL,'5.5\"','12MP/5MP',NULL,NULL,'3080mAh','images/1533802096.xiaomi-mi-a1-3.jpg','2018-08-08 19:08:16','2018-08-08 19:08:16'),(832,10,20,'Xiaomi','Xiaomi Note 4','2.5GHz Quad-C',239000,'4GB RAM, 64GB Internal',NULL,'5.5\"','13MP',NULL,NULL,'4100mAh','images/1533802233.xiaomi-redmi-note4-sn-1.jpg','2018-08-08 19:10:33','2018-08-08 19:10:33'),(833,10,20,'Xiaomi','Xiaomi Note 5A (Prime)','1.4GHZ Octa-C',169000,'3GB RAM, 32GB Internal',NULL,'5.5\"','13MP/16MP',NULL,NULL,'3080mAh','images/1533802387.xiaomi-redmi-note-5a-2.jpg','2018-08-08 19:13:07','2018-08-08 19:13:07'),(834,10,20,'Xiaomi','Xiaomi MI 4A','425GHz Quad-C',140000,'2GB RAM, 32GB Internal',NULL,'5\"','13MP/5MP',NULL,NULL,'3120mAh','images/1533802538.xiaomi-redmi-4a-2.jpg','2018-08-08 19:15:38','2018-08-08 19:15:38'),(835,10,20,'Oppo','Oppo F5','2.0GHz Octa-C',369000,'4GB RAM, 32GB Internal',NULL,'6\"','20MP+16MP',NULL,NULL,'3200mAh','images/1533803005.oppo-f5-youth-a73-1.jpg','2018-08-08 19:23:25','2018-08-08 19:23:25'),(836,10,20,'Oppo','Oppp F5 Youth','2.5GHz Octa-C',319000,'3GB RAM, 32GB Internal',NULL,'6\"','16MP',NULL,NULL,'3200mAh','images/1533803180.oppo-f5-youth-a73-1.jpg','2018-08-08 19:26:20','2018-08-08 19:26:20'),(837,10,20,'Other','Canon, LBP 2900',NULL,193000,NULL,NULL,NULL,NULL,NULL,NULL,NULL,'images/1533806429.download(2).jpeg','2018-08-08 20:20:29','2018-08-08 20:20:29'),(838,10,20,'Other','Fuji xerox, M115Z',NULL,212,NULL,NULL,NULL,NULL,NULL,NULL,NULL,'images/1533806598.download(3).jpeg','2018-08-08 20:23:18','2018-08-08 20:23:18'),(839,10,20,'Other','Fuji Xerox, M265Z',NULL,3612,NULL,NULL,NULL,NULL,NULL,NULL,NULL,'images/1533806742.images.jpeg','2018-08-08 20:25:42','2018-08-08 20:25:42'),(840,10,20,'Other','Lenovo, Think E1922S 18.5\" Monitor',NULL,94,NULL,NULL,NULL,NULL,NULL,NULL,NULL,'images/1533806828.download(4).jpeg','2018-08-08 20:27:08','2018-08-08 20:27:08'),(841,11,21,'MSI','GS63 7RD','Core i7 7700 HQ',1112,'8GB RAM','1TB HDD','15.6\" Display',NULL,'2slots','Black','3 Cells Battery','images/1533828107.msi.png','2018-07-28 20:10:25','2018-08-09 02:21:48'),(842,11,21,'Asus','X541NA','Celeron N3350',312,'4GB RAM','500GB HDD','15.6\" Display',NULL,'1 slots','Grey','3 Cells Battery','images/1532856157.asus.jpg','2018-07-28 20:22:37','2018-08-09 01:56:13'),(843,11,21,'Samsung','Samsung  Galaxy Tab J','1.5GHz Quad-C',259000,'1.5GB RAM , 8GB Internal',NULL,'7.0\"','5MP+2MP',NULL,NULL,'4000mAh','images/1533789457.samsung-galaxy-j-tablet.jpg','2018-08-08 15:37:13','2018-08-08 15:39:00'),(844,11,21,'Huawei','Huawei T3','1.4GHz Quad-C',269000,'2GB RAM, 16GB Internal',NULL,'10.0\"','8MP + 5MP',NULL,NULL,'4800mAh','images/1533789884.huawei-mediapad-t3-10.jpg','2018-08-08 15:44:44','2018-08-08 15:44:44'),(845,11,21,'Huawei','Huawei M3 Lite','2.3GHz Octa-C',379000,'3GB RAM, 32GB Internal',NULL,'8.0\"','8MP/8MP',NULL,NULL,'4800mAh','images/1533790123.huawei-mediapad-m3-8-lite-1.jpg','2018-08-08 15:48:43','2018-08-08 15:48:43'),(846,11,21,'Huawei','Huawei T1','1.2GHz Quad-C',119000,'1GB RAM, 8GB Internal',NULL,'7.0\"','2MP/2MP',NULL,NULL,'4100mAh','images/1533790317.huawei-mediapad-t1-70-1.jpg','2018-08-08 15:51:57','2018-08-08 15:51:57'),(847,11,21,'Huawei','Huawei T3 7\"','1.3GHz Quad-C',125000,'1GB RAM, 8GB Internal',NULL,'7.0\"','2MP/2MP',NULL,NULL,'3100mAh','images/1533790478.huawei-mediapad-t3-7.jpg','2018-08-08 15:54:38','2018-08-08 15:54:38'),(848,11,21,'Huawei','Huawei T3 8\"','1.3GHz Quad-C',185000,'2GB RAM, 16GB Internal',NULL,'8.0\"','2MP/2MP',NULL,NULL,'4800mAh','images/1533790607.huawei-mediapad-t3-8-5.jpg','2018-08-08 15:56:47','2018-08-08 15:56:47'),(849,11,21,'Oppo','Oppo A37','1.5GHz Quad-C',169000,'2GB RAM, 16GB Internal',NULL,'5\"','8MP/5MP',NULL,NULL,'2630mAh','images/1533790777.oppo-a37-1.jpg','2018-08-08 15:59:37','2018-08-08 15:59:37'),(850,11,21,'Samsung','Samsung J2 (Pro)','1.4GHz Quad-C',182000,'1.5GB RAM , 16GB Internal',NULL,'5\"','8MP/5MP',NULL,NULL,'2600mAh','images/1533790918.samsung-galaxy-j2-sm-j250-0.jpg','2018-08-08 16:01:58','2018-08-08 16:01:58'),(851,11,21,'Samsung','Samsung J2 (Prime)','1.2GHz Quad-C',159000,'1.5GB RAM , 8GB Internal',NULL,'5\"','8MP',NULL,NULL,'2600mAh','images/1533791041.samsung-galaxy-j2-prime-2016-2.jpg','2018-08-08 16:04:01','2018-08-08 16:04:01'),(852,11,21,'Samsung','Samsung On7','1.4GHz Quad-C',159000,'1.5GB RAM , 8GB Internal',NULL,'5.5\"','13MP',NULL,NULL,'3000mAh','images/1533791265.samsung-galaxy-on7-1.jpg','2018-08-08 16:07:45','2018-08-08 16:07:45'),(853,11,21,'Vivo','Vivo Y53','1.4GHz Quad-C',169000,'2GB RAM, 16GB Internal',NULL,'5\"','8MP/5MP',NULL,NULL,'2500mAh','images/1533791672.vivo-y53-1.jpg','2018-08-08 16:14:32','2018-08-08 16:14:32'),(854,11,21,'Samsung','Samsung Galaxy S8+','Octa-Core',1055000,'4GB RAM, 64GB Internal',NULL,'6.2\"',NULL,NULL,NULL,'3500mAh','images/1533800537.samsung-galaxy-s8-plus-.jpg','2018-08-08 18:42:17','2018-08-08 18:42:17'),(855,11,21,'Samsung','Samsung A8(2018)','2.2GHz Dual + 1.6Hz hexa',615000,'4GB RAM, 32GB Internal',NULL,'5.6\"',NULL,NULL,NULL,'3000mAh','images/1533800789.samsung-galaxy-a8-a530f-2.jpg','2018-08-08 18:46:29','2018-08-08 18:46:29'),(856,11,21,'Huawei','Huawei Nova 2i','2.36GHz Octa-C',339000,'4GB RAM, 64GB Internal',NULL,'5.5\"','16+2MP/13+2MP',NULL,NULL,NULL,'images/1533801023.download(1).jpeg','2018-08-08 18:50:23','2018-08-08 18:50:23'),(857,11,21,'Huawei','Huawei P10 Plus','2.4GHz Octa-C',799000,'4GB RAM, 64GB Internal',NULL,'5.5\"','20+12MP/8MP Leica',NULL,NULL,'3750mAh','images/1533801206.huawei-p10-plus-r1.jpg','2018-08-08 18:53:26','2018-08-08 18:53:26'),(858,11,21,'Vivo','Vivo v7 Plus','1.8GHz Octa-C',399000,'4GB RAM, 64GB Internal',NULL,'5.99\"','16MP/24Mp',NULL,NULL,'3225mAh','images/1533801453.vivo-v7-plus-0.jpg','2018-08-08 18:57:33','2018-08-08 18:57:33'),(859,11,21,'Vivo','Vivo V7','1.8GHz Octa-C',299000,'4GB RAM, 32GB Internal',NULL,'5.7\"','16MP/24Mp',NULL,NULL,'3000mAh','images/1533801654.vivo-v7-1.jpg','2018-08-08 19:00:54','2018-08-08 19:00:54'),(860,11,21,'Vivo','Vivo Y65','Snapdragon 1.4GHz',259000,'3GB RAM, 16GB Internl',NULL,'5.2\"','13MP/5MP',NULL,NULL,'3000mAh','images/1533801919.vivo-y65-1.jpg','2018-08-08 19:05:20','2018-08-08 19:05:20'),(861,11,21,'Xiaomi','Xiaomi MI A1','2.0GHz Octa-C',319000,'4GB RAM, 64GB Internal',NULL,'5.5\"','12MP/5MP',NULL,NULL,'3080mAh','images/1533802096.xiaomi-mi-a1-3.jpg','2018-08-08 19:08:16','2018-08-08 19:08:16'),(862,11,21,'Xiaomi','Xiaomi Note 4','2.5GHz Quad-C',239000,'4GB RAM, 64GB Internal',NULL,'5.5\"','13MP',NULL,NULL,'4100mAh','images/1533802233.xiaomi-redmi-note4-sn-1.jpg','2018-08-08 19:10:33','2018-08-08 19:10:33'),(863,11,21,'Xiaomi','Xiaomi Note 5A (Prime)','1.4GHZ Octa-C',169000,'3GB RAM, 32GB Internal',NULL,'5.5\"','13MP/16MP',NULL,NULL,'3080mAh','images/1533802387.xiaomi-redmi-note-5a-2.jpg','2018-08-08 19:13:07','2018-08-08 19:13:07'),(864,11,21,'Xiaomi','Xiaomi MI 4A','425GHz Quad-C',140000,'2GB RAM, 32GB Internal',NULL,'5\"','13MP/5MP',NULL,NULL,'3120mAh','images/1533802538.xiaomi-redmi-4a-2.jpg','2018-08-08 19:15:38','2018-08-08 19:15:38'),(865,11,21,'Oppo','Oppo F5','2.0GHz Octa-C',369000,'4GB RAM, 32GB Internal',NULL,'6\"','20MP+16MP',NULL,NULL,'3200mAh','images/1533803005.oppo-f5-youth-a73-1.jpg','2018-08-08 19:23:25','2018-08-08 19:23:25'),(866,11,21,'Oppo','Oppp F5 Youth','2.5GHz Octa-C',319000,'3GB RAM, 32GB Internal',NULL,'6\"','16MP',NULL,NULL,'3200mAh','images/1533803180.oppo-f5-youth-a73-1.jpg','2018-08-08 19:26:20','2018-08-08 19:26:20'),(867,11,21,'Other','Canon, LBP 2900',NULL,193000,NULL,NULL,NULL,NULL,NULL,NULL,NULL,'images/1533806429.download(2).jpeg','2018-08-08 20:20:29','2018-08-08 20:20:29'),(868,11,21,'Other','Fuji xerox, M115Z',NULL,212,NULL,NULL,NULL,NULL,NULL,NULL,NULL,'images/1533806598.download(3).jpeg','2018-08-08 20:23:18','2018-08-08 20:23:18'),(869,11,21,'Other','Fuji Xerox, M265Z',NULL,3612,NULL,NULL,NULL,NULL,NULL,NULL,NULL,'images/1533806742.images.jpeg','2018-08-08 20:25:42','2018-08-08 20:25:42'),(870,11,21,'Other','Lenovo, Think E1922S 18.5\" Monitor',NULL,94,NULL,NULL,NULL,NULL,NULL,NULL,NULL,'images/1533806828.download(4).jpeg','2018-08-08 20:27:08','2018-08-08 20:27:08'),(871,12,22,'MSI','GS63 7RD','Core i7 7700 HQ',1112,'8GB RAM','1TB HDD','15.6\" Display',NULL,'2slots','Black','3 Cells Battery','images/1533828107.msi.png','2018-07-28 20:10:25','2018-08-09 02:21:48'),(872,12,22,'Asus','X541NA','Celeron N3350',312,'4GB RAM','500GB HDD','15.6\" Display',NULL,'1 slots','Grey','3 Cells Battery','images/1532856157.asus.jpg','2018-07-28 20:22:37','2018-08-09 01:56:13'),(873,12,22,'Samsung','Samsung  Galaxy Tab J','1.5GHz Quad-C',259000,'1.5GB RAM , 8GB Internal',NULL,'7.0\"','5MP+2MP',NULL,NULL,'4000mAh','images/1533789457.samsung-galaxy-j-tablet.jpg','2018-08-08 15:37:13','2018-08-08 15:39:00'),(874,12,22,'Huawei','Huawei T3','1.4GHz Quad-C',269000,'2GB RAM, 16GB Internal',NULL,'10.0\"','8MP + 5MP',NULL,NULL,'4800mAh','images/1533789884.huawei-mediapad-t3-10.jpg','2018-08-08 15:44:44','2018-08-08 15:44:44'),(875,12,22,'Huawei','Huawei M3 Lite','2.3GHz Octa-C',379000,'3GB RAM, 32GB Internal',NULL,'8.0\"','8MP/8MP',NULL,NULL,'4800mAh','images/1533790123.huawei-mediapad-m3-8-lite-1.jpg','2018-08-08 15:48:43','2018-08-08 15:48:43'),(876,12,22,'Huawei','Huawei T1','1.2GHz Quad-C',119000,'1GB RAM, 8GB Internal',NULL,'7.0\"','2MP/2MP',NULL,NULL,'4100mAh','images/1533790317.huawei-mediapad-t1-70-1.jpg','2018-08-08 15:51:57','2018-08-08 15:51:57'),(877,12,22,'Huawei','Huawei T3 7\"','1.3GHz Quad-C',125000,'1GB RAM, 8GB Internal',NULL,'7.0\"','2MP/2MP',NULL,NULL,'3100mAh','images/1533790478.huawei-mediapad-t3-7.jpg','2018-08-08 15:54:38','2018-08-08 15:54:38'),(878,12,22,'Huawei','Huawei T3 8\"','1.3GHz Quad-C',185000,'2GB RAM, 16GB Internal',NULL,'8.0\"','2MP/2MP',NULL,NULL,'4800mAh','images/1533790607.huawei-mediapad-t3-8-5.jpg','2018-08-08 15:56:47','2018-08-08 15:56:47'),(879,12,22,'Oppo','Oppo A37','1.5GHz Quad-C',169000,'2GB RAM, 16GB Internal',NULL,'5\"','8MP/5MP',NULL,NULL,'2630mAh','images/1533790777.oppo-a37-1.jpg','2018-08-08 15:59:37','2018-08-08 15:59:37'),(880,12,22,'Samsung','Samsung J2 (Pro)','1.4GHz Quad-C',182000,'1.5GB RAM , 16GB Internal',NULL,'5\"','8MP/5MP',NULL,NULL,'2600mAh','images/1533790918.samsung-galaxy-j2-sm-j250-0.jpg','2018-08-08 16:01:58','2018-08-08 16:01:58'),(881,12,22,'Samsung','Samsung J2 (Prime)','1.2GHz Quad-C',159000,'1.5GB RAM , 8GB Internal',NULL,'5\"','8MP',NULL,NULL,'2600mAh','images/1533791041.samsung-galaxy-j2-prime-2016-2.jpg','2018-08-08 16:04:01','2018-08-08 16:04:01'),(882,12,22,'Samsung','Samsung On7','1.4GHz Quad-C',159000,'1.5GB RAM , 8GB Internal',NULL,'5.5\"','13MP',NULL,NULL,'3000mAh','images/1533791265.samsung-galaxy-on7-1.jpg','2018-08-08 16:07:45','2018-08-08 16:07:45'),(883,12,22,'Vivo','Vivo Y53','1.4GHz Quad-C',169000,'2GB RAM, 16GB Internal',NULL,'5\"','8MP/5MP',NULL,NULL,'2500mAh','images/1533791672.vivo-y53-1.jpg','2018-08-08 16:14:32','2018-08-08 16:14:32'),(884,12,22,'Samsung','Samsung Galaxy S8+','Octa-Core',1055000,'4GB RAM, 64GB Internal',NULL,'6.2\"',NULL,NULL,NULL,'3500mAh','images/1533800537.samsung-galaxy-s8-plus-.jpg','2018-08-08 18:42:17','2018-08-08 18:42:17'),(885,12,22,'Samsung','Samsung A8(2018)','2.2GHz Dual + 1.6Hz hexa',615000,'4GB RAM, 32GB Internal',NULL,'5.6\"',NULL,NULL,NULL,'3000mAh','images/1533800789.samsung-galaxy-a8-a530f-2.jpg','2018-08-08 18:46:29','2018-08-08 18:46:29'),(886,12,22,'Huawei','Huawei Nova 2i','2.36GHz Octa-C',339000,'4GB RAM, 64GB Internal',NULL,'5.5\"','16+2MP/13+2MP',NULL,NULL,NULL,'images/1533801023.download(1).jpeg','2018-08-08 18:50:23','2018-08-08 18:50:23'),(887,12,22,'Huawei','Huawei P10 Plus','2.4GHz Octa-C',799000,'4GB RAM, 64GB Internal',NULL,'5.5\"','20+12MP/8MP Leica',NULL,NULL,'3750mAh','images/1533801206.huawei-p10-plus-r1.jpg','2018-08-08 18:53:26','2018-08-08 18:53:26'),(888,12,22,'Vivo','Vivo v7 Plus','1.8GHz Octa-C',399000,'4GB RAM, 64GB Internal',NULL,'5.99\"','16MP/24Mp',NULL,NULL,'3225mAh','images/1533801453.vivo-v7-plus-0.jpg','2018-08-08 18:57:33','2018-08-08 18:57:33'),(889,12,22,'Vivo','Vivo V7','1.8GHz Octa-C',299000,'4GB RAM, 32GB Internal',NULL,'5.7\"','16MP/24Mp',NULL,NULL,'3000mAh','images/1533801654.vivo-v7-1.jpg','2018-08-08 19:00:54','2018-08-08 19:00:54'),(890,12,22,'Vivo','Vivo Y65','Snapdragon 1.4GHz',259000,'3GB RAM, 16GB Internl',NULL,'5.2\"','13MP/5MP',NULL,NULL,'3000mAh','images/1533801919.vivo-y65-1.jpg','2018-08-08 19:05:20','2018-08-08 19:05:20'),(891,12,22,'Xiaomi','Xiaomi MI A1','2.0GHz Octa-C',319000,'4GB RAM, 64GB Internal',NULL,'5.5\"','12MP/5MP',NULL,NULL,'3080mAh','images/1533802096.xiaomi-mi-a1-3.jpg','2018-08-08 19:08:16','2018-08-08 19:08:16'),(892,12,22,'Xiaomi','Xiaomi Note 4','2.5GHz Quad-C',239000,'4GB RAM, 64GB Internal',NULL,'5.5\"','13MP',NULL,NULL,'4100mAh','images/1533802233.xiaomi-redmi-note4-sn-1.jpg','2018-08-08 19:10:33','2018-08-08 19:10:33'),(893,12,22,'Xiaomi','Xiaomi Note 5A (Prime)','1.4GHZ Octa-C',169000,'3GB RAM, 32GB Internal',NULL,'5.5\"','13MP/16MP',NULL,NULL,'3080mAh','images/1533802387.xiaomi-redmi-note-5a-2.jpg','2018-08-08 19:13:07','2018-08-08 19:13:07'),(894,12,22,'Xiaomi','Xiaomi MI 4A','425GHz Quad-C',140000,'2GB RAM, 32GB Internal',NULL,'5\"','13MP/5MP',NULL,NULL,'3120mAh','images/1533802538.xiaomi-redmi-4a-2.jpg','2018-08-08 19:15:38','2018-08-08 19:15:38'),(895,12,22,'Oppo','Oppo F5','2.0GHz Octa-C',369000,'4GB RAM, 32GB Internal',NULL,'6\"','20MP+16MP',NULL,NULL,'3200mAh','images/1533803005.oppo-f5-youth-a73-1.jpg','2018-08-08 19:23:25','2018-08-08 19:23:25'),(896,12,22,'Oppo','Oppp F5 Youth','2.5GHz Octa-C',319000,'3GB RAM, 32GB Internal',NULL,'6\"','16MP',NULL,NULL,'3200mAh','images/1533803180.oppo-f5-youth-a73-1.jpg','2018-08-08 19:26:20','2018-08-08 19:26:20'),(897,12,22,'Other','Canon, LBP 2900',NULL,193000,NULL,NULL,NULL,NULL,NULL,NULL,NULL,'images/1533806429.download(2).jpeg','2018-08-08 20:20:29','2018-08-08 20:20:29'),(898,12,22,'Other','Fuji xerox, M115Z',NULL,212,NULL,NULL,NULL,NULL,NULL,NULL,NULL,'images/1533806598.download(3).jpeg','2018-08-08 20:23:18','2018-08-08 20:23:18'),(899,12,22,'Other','Fuji Xerox, M265Z',NULL,3612,NULL,NULL,NULL,NULL,NULL,NULL,NULL,'images/1533806742.images.jpeg','2018-08-08 20:25:42','2018-08-08 20:25:42'),(900,12,22,'Other','Lenovo, Think E1922S 18.5\" Monitor',NULL,94,NULL,NULL,NULL,NULL,NULL,NULL,NULL,'images/1533806828.download(4).jpeg','2018-08-08 20:27:08','2018-08-08 20:27:08'),(901,13,23,'Lenovo','Ideapad 120s-11IAP','Celeron N3350',269,'4GB RAM','500GB HD','11.6\" Display',NULL,NULL,NULL,'2 Cells Battery','images/1532754167.11IAP.jpg','2018-07-27 22:32:47','2018-07-27 22:32:47'),(902,13,23,'Lenovo','Ideapad 320-14IKBN','Celeron N3350',309,'4GB RAM','500GB HD','14\" Display',NULL,NULL,NULL,'3 Cells Battery','images/1532754244,11IAP.jpg','2018-07-27 22:34:04','2018-07-27 22:34:04'),(903,13,23,'Lenovo','Ideapad 320-14AST','A4-9120 Processor',309,'4GB RAM','500GB HD','14\" Display',NULL,NULL,NULL,'2 Cells Battery','images/1532754298.11IAP.jpg','2018-07-27 22:34:58','2018-07-27 22:34:58'),(904,13,23,'Dell','Inspiron 3567','Core i3-6006U',399,'4GB RAM','1TB HD','15.6\" Display',NULL,NULL,NULL,'4 Cells Battery','images/1532754447.dell.png','2018-07-27 22:37:27','2018-07-27 22:37:27'),(905,13,23,'Dell','Inspiron 3462','Pentium N4200',359,'4GB RAM','500GB HDD','14\" Display',NULL,NULL,NULL,'4 Cells Battery','images/1532754519.dell.png','2018-07-27 22:38:39','2018-07-27 22:42:46'),(906,13,23,'Acer','ES1432','Celeron N3350',299,'4GB RAM','500GB HDD','14\" Display',NULL,NULL,NULL,'4 Cells Battery','images/1532855120.acer.jpg','2018-07-29 02:35:20','2018-07-29 02:35:20'),(907,13,23,'Acer','ES1432','Pentium N4200',335,'4GB RAM','500GB HDD','14\" Display',NULL,NULL,NULL,'4 Cells Battery','images/1532855193.acer.jpg','2018-07-29 02:36:33','2018-07-29 02:36:33'),(908,13,23,'MSI','GS63 7RD','Core i7 7700 HQ',1100,'8GB RAM','1TB HDD','15.6\" Display',NULL,NULL,NULL,'3 Cells Battery','images/1532855425.msi.jpg','2018-07-29 02:40:25','2018-07-29 02:40:25'),(909,13,23,'MSI','PL62 7RC','Core i7 7700 HQ',799,'8GB RAM','1TB HDD','15.6\" Display',NULL,NULL,NULL,'6 Cells Battery','images/1532855637.msi.jpeg','2018-07-29 02:41:39','2018-07-29 02:43:57'),(910,13,23,'Hp','14-bs579TU','Core i3-6006U',399,'4GB RAM','500GB HDD','14\" Display',NULL,NULL,NULL,'4 Cells Battery','images/1532856339.hp.jpg','2018-07-29 02:48:34','2018-07-29 03:13:09'),(911,13,23,'Hp','14-bs076TX','Core i3-6006U',399,'4GB RAM','500GB HDD','14\" Display',NULL,NULL,NULL,'4 Cells Battery','images/1532856282.hp.jpg','2018-07-29 02:50:07','2018-07-29 02:55:05'),(912,13,23,'Asus','X441NA','Celeron N3350',299,'4GB RAM','500GB HDD','14\" Display',NULL,NULL,NULL,'3 Cells Battery','images/1532856099.asus.jpg','2018-07-29 02:51:39','2018-07-29 02:51:39'),(913,13,23,'Asus','X541NA','Celeron N3350',309,'4GB RAM','500GB HDD','15.6\" Display',NULL,NULL,NULL,'3 Cells Battery','images/1532856157.asus.jpg','2018-07-29 02:52:37','2018-07-29 02:52:37'),(914,14,24,'Lenovo','Ideapad 120s-11IAP','Celeron N3350',269,'4GB RAM','500GB HD','11.6\" Display',NULL,NULL,NULL,'2 Cells Battery','images/1532754167.11IAP.jpg','2018-07-27 22:32:47','2018-07-27 22:32:47'),(915,14,24,'Lenovo','Ideapad 320-14IKBN','Celeron N3350',309,'4GB RAM','500GB HD','14\" Display',NULL,NULL,NULL,'3 Cells Battery','images/1532754244,11IAP.jpg','2018-07-27 22:34:04','2018-07-27 22:34:04'),(916,14,24,'Lenovo','Ideapad 320-14AST','A4-9120 Processor',309,'4GB RAM','500GB HD','14\" Display',NULL,NULL,NULL,'2 Cells Battery','images/1532754298.11IAP.jpg','2018-07-27 22:34:58','2018-07-27 22:34:58'),(917,14,24,'Dell','Inspiron 3567','Core i3-6006U',399,'4GB RAM','1TB HD','15.6\" Display',NULL,NULL,NULL,'4 Cells Battery','images/1532754447.dell.png','2018-07-27 22:37:27','2018-07-27 22:37:27'),(918,14,24,'Dell','Inspiron 3462','Pentium N4200',359,'4GB RAM','500GB HDD','14\" Display',NULL,NULL,NULL,'4 Cells Battery','images/1532754519.dell.png','2018-07-27 22:38:39','2018-07-27 22:42:46'),(919,14,24,'Acer','ES1432','Celeron N3350',299,'4GB RAM','500GB HDD','14\" Display',NULL,NULL,NULL,'4 Cells Battery','images/1532855120.acer.jpg','2018-07-29 02:35:20','2018-07-29 02:35:20'),(920,14,24,'Acer','ES1432','Pentium N4200',335,'4GB RAM','500GB HDD','14\" Display',NULL,NULL,NULL,'4 Cells Battery','images/1532855193.acer.jpg','2018-07-29 02:36:33','2018-07-29 02:36:33'),(921,14,24,'MSI','GS63 7RD','Core i7 7700 HQ',1100,'8GB RAM','1TB HDD','15.6\" Display',NULL,NULL,NULL,'3 Cells Battery','images/1532855425.msi.jpg','2018-07-29 02:40:25','2018-07-29 02:40:25'),(922,14,24,'MSI','PL62 7RC','Core i7 7700 HQ',799,'8GB RAM','1TB HDD','15.6\" Display',NULL,NULL,NULL,'6 Cells Battery','images/1532855637.msi.jpeg','2018-07-29 02:41:39','2018-07-29 02:43:57'),(923,14,24,'Hp','14-bs579TU','Core i3-6006U',399,'4GB RAM','500GB HDD','14\" Display',NULL,NULL,NULL,'4 Cells Battery','images/1532856339.hp.jpg','2018-07-29 02:48:34','2018-07-29 03:13:09'),(924,14,24,'Hp','14-bs076TX','Core i3-6006U',399,'4GB RAM','500GB HDD','14\" Display',NULL,NULL,NULL,'4 Cells Battery','images/1532856282.hp.jpg','2018-07-29 02:50:07','2018-07-29 02:55:05'),(925,14,24,'Asus','X441NA','Celeron N3350',299,'4GB RAM','500GB HDD','14\" Display',NULL,NULL,NULL,'3 Cells Battery','images/1532856099.asus.jpg','2018-07-29 02:51:39','2018-07-29 02:51:39'),(926,14,24,'Asus','X541NA','Celeron N3350',309,'4GB RAM','500GB HDD','15.6\" Display',NULL,NULL,NULL,'3 Cells Battery','images/1532856157.asus.jpg','2018-07-29 02:52:37','2018-07-29 02:52:37'),(927,15,25,'Lenovo','Ideapad 120s-11IAP','Celeron N3350',269,'4GB RAM','500GB HD','11.6\" Display',NULL,NULL,NULL,'2 Cells Battery','images/1532754167.11IAP.jpg','2018-07-27 22:32:47','2018-07-27 22:32:47'),(928,15,25,'Lenovo','Ideapad 320-14IKBN','Celeron N3350',309,'4GB RAM','500GB HD','14\" Display',NULL,NULL,NULL,'3 Cells Battery','images/1532754244,11IAP.jpg','2018-07-27 22:34:04','2018-07-27 22:34:04'),(929,15,25,'Lenovo','Ideapad 320-14AST','A4-9120 Processor',309,'4GB RAM','500GB HD','14\" Display',NULL,NULL,NULL,'2 Cells Battery','images/1532754298.11IAP.jpg','2018-07-27 22:34:58','2018-07-27 22:34:58'),(930,15,25,'Dell','Inspiron 3567','Core i3-6006U',399,'4GB RAM','1TB HD','15.6\" Display',NULL,NULL,NULL,'4 Cells Battery','images/1532754447.dell.png','2018-07-27 22:37:27','2018-07-27 22:37:27'),(931,15,25,'Dell','Inspiron 3462','Pentium N4200',359,'4GB RAM','500GB HDD','14\" Display',NULL,NULL,NULL,'4 Cells Battery','images/1532754519.dell.png','2018-07-27 22:38:39','2018-07-27 22:42:46'),(932,15,25,'Acer','ES1432','Celeron N3350',299,'4GB RAM','500GB HDD','14\" Display',NULL,NULL,NULL,'4 Cells Battery','images/1532855120.acer.jpg','2018-07-29 02:35:20','2018-07-29 02:35:20'),(933,15,25,'Acer','ES1432','Pentium N4200',335,'4GB RAM','500GB HDD','14\" Display',NULL,NULL,NULL,'4 Cells Battery','images/1532855193.acer.jpg','2018-07-29 02:36:33','2018-07-29 02:36:33'),(934,15,25,'MSI','GS63 7RD','Core i7 7700 HQ',1100,'8GB RAM','1TB HDD','15.6\" Display',NULL,NULL,NULL,'3 Cells Battery','images/1532855425.msi.jpg','2018-07-29 02:40:25','2018-07-29 02:40:25'),(935,15,25,'MSI','PL62 7RC','Core i7 7700 HQ',799,'8GB RAM','1TB HDD','15.6\" Display',NULL,NULL,NULL,'6 Cells Battery','images/1532855637.msi.jpeg','2018-07-29 02:41:39','2018-07-29 02:43:57'),(936,15,25,'Hp','14-bs579TU','Core i3-6006U',399,'4GB RAM','500GB HDD','14\" Display',NULL,NULL,NULL,'4 Cells Battery','images/1532856339.hp.jpg','2018-07-29 02:48:34','2018-07-29 03:13:09'),(937,15,25,'Hp','14-bs076TX','Core i3-6006U',399,'4GB RAM','500GB HDD','14\" Display',NULL,NULL,NULL,'4 Cells Battery','images/1532856282.hp.jpg','2018-07-29 02:50:07','2018-07-29 02:55:05'),(938,15,25,'Asus','X441NA','Celeron N3350',299,'4GB RAM','500GB HDD','14\" Display',NULL,NULL,NULL,'3 Cells Battery','images/1532856099.asus.jpg','2018-07-29 02:51:39','2018-07-29 02:51:39'),(939,15,25,'Asus','X541NA','Celeron N3350',309,'4GB RAM','500GB HDD','15.6\" Display',NULL,NULL,NULL,'3 Cells Battery','images/1532856157.asus.jpg','2018-07-29 02:52:37','2018-07-29 02:52:37'),(940,13,23,'MSI','GS63 7RD','Core i7 7700 HQ',1112,'8GB RAM','1TB HDD','15.6\" Display',NULL,'2slots','Black','3 Cells Battery','images/1533828107.msi.png','2018-07-28 20:10:25','2018-08-09 02:21:48'),(941,13,23,'Asus','X541NA','Celeron N3350',312,'4GB RAM','500GB HDD','15.6\" Display',NULL,'1 slots','Grey','3 Cells Battery','images/1532856157.asus.jpg','2018-07-28 20:22:37','2018-08-09 01:56:13'),(942,13,23,'Samsung','Samsung  Galaxy Tab J','1.5GHz Quad-C',259000,'1.5GB RAM , 8GB Internal',NULL,'7.0\"','5MP+2MP',NULL,NULL,'4000mAh','images/1533789457.samsung-galaxy-j-tablet.jpg','2018-08-08 15:37:13','2018-08-08 15:39:00'),(943,13,23,'Huawei','Huawei T3','1.4GHz Quad-C',269000,'2GB RAM, 16GB Internal',NULL,'10.0\"','8MP + 5MP',NULL,NULL,'4800mAh','images/1533789884.huawei-mediapad-t3-10.jpg','2018-08-08 15:44:44','2018-08-08 15:44:44'),(944,13,23,'Huawei','Huawei M3 Lite','2.3GHz Octa-C',379000,'3GB RAM, 32GB Internal',NULL,'8.0\"','8MP/8MP',NULL,NULL,'4800mAh','images/1533790123.huawei-mediapad-m3-8-lite-1.jpg','2018-08-08 15:48:43','2018-08-08 15:48:43'),(945,13,23,'Huawei','Huawei T1','1.2GHz Quad-C',119000,'1GB RAM, 8GB Internal',NULL,'7.0\"','2MP/2MP',NULL,NULL,'4100mAh','images/1533790317.huawei-mediapad-t1-70-1.jpg','2018-08-08 15:51:57','2018-08-08 15:51:57'),(946,13,23,'Huawei','Huawei T3 7\"','1.3GHz Quad-C',125000,'1GB RAM, 8GB Internal',NULL,'7.0\"','2MP/2MP',NULL,NULL,'3100mAh','images/1533790478.huawei-mediapad-t3-7.jpg','2018-08-08 15:54:38','2018-08-08 15:54:38'),(947,13,23,'Huawei','Huawei T3 8\"','1.3GHz Quad-C',185000,'2GB RAM, 16GB Internal',NULL,'8.0\"','2MP/2MP',NULL,NULL,'4800mAh','images/1533790607.huawei-mediapad-t3-8-5.jpg','2018-08-08 15:56:47','2018-08-08 15:56:47'),(948,13,23,'Oppo','Oppo A37','1.5GHz Quad-C',169000,'2GB RAM, 16GB Internal',NULL,'5\"','8MP/5MP',NULL,NULL,'2630mAh','images/1533790777.oppo-a37-1.jpg','2018-08-08 15:59:37','2018-08-08 15:59:37'),(949,13,23,'Samsung','Samsung J2 (Pro)','1.4GHz Quad-C',182000,'1.5GB RAM , 16GB Internal',NULL,'5\"','8MP/5MP',NULL,NULL,'2600mAh','images/1533790918.samsung-galaxy-j2-sm-j250-0.jpg','2018-08-08 16:01:58','2018-08-08 16:01:58'),(950,13,23,'Samsung','Samsung J2 (Prime)','1.2GHz Quad-C',159000,'1.5GB RAM , 8GB Internal',NULL,'5\"','8MP',NULL,NULL,'2600mAh','images/1533791041.samsung-galaxy-j2-prime-2016-2.jpg','2018-08-08 16:04:01','2018-08-08 16:04:01'),(951,13,23,'Samsung','Samsung On7','1.4GHz Quad-C',159000,'1.5GB RAM , 8GB Internal',NULL,'5.5\"','13MP',NULL,NULL,'3000mAh','images/1533791265.samsung-galaxy-on7-1.jpg','2018-08-08 16:07:45','2018-08-08 16:07:45'),(952,13,23,'Vivo','Vivo Y53','1.4GHz Quad-C',169000,'2GB RAM, 16GB Internal',NULL,'5\"','8MP/5MP',NULL,NULL,'2500mAh','images/1533791672.vivo-y53-1.jpg','2018-08-08 16:14:32','2018-08-08 16:14:32'),(953,13,23,'Samsung','Samsung Galaxy S8+','Octa-Core',1055000,'4GB RAM, 64GB Internal',NULL,'6.2\"',NULL,NULL,NULL,'3500mAh','images/1533800537.samsung-galaxy-s8-plus-.jpg','2018-08-08 18:42:17','2018-08-08 18:42:17'),(954,13,23,'Samsung','Samsung A8(2018)','2.2GHz Dual + 1.6Hz hexa',615000,'4GB RAM, 32GB Internal',NULL,'5.6\"',NULL,NULL,NULL,'3000mAh','images/1533800789.samsung-galaxy-a8-a530f-2.jpg','2018-08-08 18:46:29','2018-08-08 18:46:29'),(955,13,23,'Huawei','Huawei Nova 2i','2.36GHz Octa-C',339000,'4GB RAM, 64GB Internal',NULL,'5.5\"','16+2MP/13+2MP',NULL,NULL,NULL,'images/1533801023.download(1).jpeg','2018-08-08 18:50:23','2018-08-08 18:50:23'),(956,13,23,'Huawei','Huawei P10 Plus','2.4GHz Octa-C',799000,'4GB RAM, 64GB Internal',NULL,'5.5\"','20+12MP/8MP Leica',NULL,NULL,'3750mAh','images/1533801206.huawei-p10-plus-r1.jpg','2018-08-08 18:53:26','2018-08-08 18:53:26'),(957,13,23,'Vivo','Vivo v7 Plus','1.8GHz Octa-C',399000,'4GB RAM, 64GB Internal',NULL,'5.99\"','16MP/24Mp',NULL,NULL,'3225mAh','images/1533801453.vivo-v7-plus-0.jpg','2018-08-08 18:57:33','2018-08-08 18:57:33'),(958,13,23,'Vivo','Vivo V7','1.8GHz Octa-C',299000,'4GB RAM, 32GB Internal',NULL,'5.7\"','16MP/24Mp',NULL,NULL,'3000mAh','images/1533801654.vivo-v7-1.jpg','2018-08-08 19:00:54','2018-08-08 19:00:54'),(959,13,23,'Vivo','Vivo Y65','Snapdragon 1.4GHz',259000,'3GB RAM, 16GB Internl',NULL,'5.2\"','13MP/5MP',NULL,NULL,'3000mAh','images/1533801919.vivo-y65-1.jpg','2018-08-08 19:05:20','2018-08-08 19:05:20'),(960,13,23,'Xiaomi','Xiaomi MI A1','2.0GHz Octa-C',319000,'4GB RAM, 64GB Internal',NULL,'5.5\"','12MP/5MP',NULL,NULL,'3080mAh','images/1533802096.xiaomi-mi-a1-3.jpg','2018-08-08 19:08:16','2018-08-08 19:08:16'),(961,13,23,'Xiaomi','Xiaomi Note 4','2.5GHz Quad-C',239000,'4GB RAM, 64GB Internal',NULL,'5.5\"','13MP',NULL,NULL,'4100mAh','images/1533802233.xiaomi-redmi-note4-sn-1.jpg','2018-08-08 19:10:33','2018-08-08 19:10:33'),(962,13,23,'Xiaomi','Xiaomi Note 5A (Prime)','1.4GHZ Octa-C',169000,'3GB RAM, 32GB Internal',NULL,'5.5\"','13MP/16MP',NULL,NULL,'3080mAh','images/1533802387.xiaomi-redmi-note-5a-2.jpg','2018-08-08 19:13:07','2018-08-08 19:13:07'),(963,13,23,'Xiaomi','Xiaomi MI 4A','425GHz Quad-C',140000,'2GB RAM, 32GB Internal',NULL,'5\"','13MP/5MP',NULL,NULL,'3120mAh','images/1533802538.xiaomi-redmi-4a-2.jpg','2018-08-08 19:15:38','2018-08-08 19:15:38'),(964,13,23,'Oppo','Oppo F5','2.0GHz Octa-C',369000,'4GB RAM, 32GB Internal',NULL,'6\"','20MP+16MP',NULL,NULL,'3200mAh','images/1533803005.oppo-f5-youth-a73-1.jpg','2018-08-08 19:23:25','2018-08-08 19:23:25'),(965,13,23,'Oppo','Oppp F5 Youth','2.5GHz Octa-C',319000,'3GB RAM, 32GB Internal',NULL,'6\"','16MP',NULL,NULL,'3200mAh','images/1533803180.oppo-f5-youth-a73-1.jpg','2018-08-08 19:26:20','2018-08-08 19:26:20'),(966,13,23,'Other','Canon, LBP 2900',NULL,193000,NULL,NULL,NULL,NULL,NULL,NULL,NULL,'images/1533806429.download(2).jpeg','2018-08-08 20:20:29','2018-08-08 20:20:29'),(967,13,23,'Other','Fuji xerox, M115Z',NULL,210,NULL,NULL,NULL,NULL,NULL,NULL,NULL,'images/1533806598.download(3).jpeg','2018-08-08 20:23:18','2018-08-08 20:23:18'),(968,13,23,'Other','Fuji Xerox, M265Z',NULL,368,NULL,NULL,NULL,NULL,NULL,NULL,NULL,'images/1533806742.images.jpeg','2018-08-08 20:25:42','2018-08-08 20:25:42'),(969,13,23,'Other','Lenovo, Think E1922S 18.5\" Monitor',NULL,94,NULL,NULL,NULL,NULL,NULL,NULL,NULL,'images/1533806828.download(4).jpeg','2018-08-08 20:27:08','2018-08-08 20:27:08'),(970,14,24,'MSI','GS63 7RD','Core i7 7700 HQ',1112,'8GB RAM','1TB HDD','15.6\" Display',NULL,'2slots','Black','3 Cells Battery','images/1533828107.msi.png','2018-07-28 20:10:25','2018-08-09 02:21:48'),(971,14,24,'Asus','X541NA','Celeron N3350',312,'4GB RAM','500GB HDD','15.6\" Display',NULL,'1 slots','Grey','3 Cells Battery','images/1532856157.asus.jpg','2018-07-28 20:22:37','2018-08-09 01:56:13'),(972,14,24,'Samsung','Samsung  Galaxy Tab J','1.5GHz Quad-C',259000,'1.5GB RAM , 8GB Internal',NULL,'7.0\"','5MP+2MP',NULL,NULL,'4000mAh','images/1533789457.samsung-galaxy-j-tablet.jpg','2018-08-08 15:37:13','2018-08-08 15:39:00'),(973,14,24,'Huawei','Huawei T3','1.4GHz Quad-C',269000,'2GB RAM, 16GB Internal',NULL,'10.0\"','8MP + 5MP',NULL,NULL,'4800mAh','images/1533789884.huawei-mediapad-t3-10.jpg','2018-08-08 15:44:44','2018-08-08 15:44:44'),(974,14,24,'Huawei','Huawei M3 Lite','2.3GHz Octa-C',379000,'3GB RAM, 32GB Internal',NULL,'8.0\"','8MP/8MP',NULL,NULL,'4800mAh','images/1533790123.huawei-mediapad-m3-8-lite-1.jpg','2018-08-08 15:48:43','2018-08-08 15:48:43'),(975,14,24,'Huawei','Huawei T1','1.2GHz Quad-C',119000,'1GB RAM, 8GB Internal',NULL,'7.0\"','2MP/2MP',NULL,NULL,'4100mAh','images/1533790317.huawei-mediapad-t1-70-1.jpg','2018-08-08 15:51:57','2018-08-08 15:51:57'),(976,14,24,'Huawei','Huawei T3 7\"','1.3GHz Quad-C',125000,'1GB RAM, 8GB Internal',NULL,'7.0\"','2MP/2MP',NULL,NULL,'3100mAh','images/1533790478.huawei-mediapad-t3-7.jpg','2018-08-08 15:54:38','2018-08-08 15:54:38'),(977,14,24,'Huawei','Huawei T3 8\"','1.3GHz Quad-C',185000,'2GB RAM, 16GB Internal',NULL,'8.0\"','2MP/2MP',NULL,NULL,'4800mAh','images/1533790607.huawei-mediapad-t3-8-5.jpg','2018-08-08 15:56:47','2018-08-08 15:56:47'),(978,14,24,'Oppo','Oppo A37','1.5GHz Quad-C',169000,'2GB RAM, 16GB Internal',NULL,'5\"','8MP/5MP',NULL,NULL,'2630mAh','images/1533790777.oppo-a37-1.jpg','2018-08-08 15:59:37','2018-08-08 15:59:37'),(979,14,24,'Samsung','Samsung J2 (Pro)','1.4GHz Quad-C',182000,'1.5GB RAM , 16GB Internal',NULL,'5\"','8MP/5MP',NULL,NULL,'2600mAh','images/1533790918.samsung-galaxy-j2-sm-j250-0.jpg','2018-08-08 16:01:58','2018-08-08 16:01:58'),(980,14,24,'Samsung','Samsung J2 (Prime)','1.2GHz Quad-C',159000,'1.5GB RAM , 8GB Internal',NULL,'5\"','8MP',NULL,NULL,'2600mAh','images/1533791041.samsung-galaxy-j2-prime-2016-2.jpg','2018-08-08 16:04:01','2018-08-08 16:04:01'),(981,14,24,'Samsung','Samsung On7','1.4GHz Quad-C',159000,'1.5GB RAM , 8GB Internal',NULL,'5.5\"','13MP',NULL,NULL,'3000mAh','images/1533791265.samsung-galaxy-on7-1.jpg','2018-08-08 16:07:45','2018-08-08 16:07:45'),(982,14,24,'Vivo','Vivo Y53','1.4GHz Quad-C',169000,'2GB RAM, 16GB Internal',NULL,'5\"','8MP/5MP',NULL,NULL,'2500mAh','images/1533791672.vivo-y53-1.jpg','2018-08-08 16:14:32','2018-08-08 16:14:32'),(983,14,24,'Samsung','Samsung Galaxy S8+','Octa-Core',1055000,'4GB RAM, 64GB Internal',NULL,'6.2\"',NULL,NULL,NULL,'3500mAh','images/1533800537.samsung-galaxy-s8-plus-.jpg','2018-08-08 18:42:17','2018-08-08 18:42:17'),(984,14,24,'Samsung','Samsung A8(2018)','2.2GHz Dual + 1.6Hz hexa',615000,'4GB RAM, 32GB Internal',NULL,'5.6\"',NULL,NULL,NULL,'3000mAh','images/1533800789.samsung-galaxy-a8-a530f-2.jpg','2018-08-08 18:46:29','2018-08-08 18:46:29'),(985,14,24,'Huawei','Huawei Nova 2i','2.36GHz Octa-C',339000,'4GB RAM, 64GB Internal',NULL,'5.5\"','16+2MP/13+2MP',NULL,NULL,NULL,'images/1533801023.download(1).jpeg','2018-08-08 18:50:23','2018-08-08 18:50:23'),(986,14,24,'Huawei','Huawei P10 Plus','2.4GHz Octa-C',799000,'4GB RAM, 64GB Internal',NULL,'5.5\"','20+12MP/8MP Leica',NULL,NULL,'3750mAh','images/1533801206.huawei-p10-plus-r1.jpg','2018-08-08 18:53:26','2018-08-08 18:53:26'),(987,14,24,'Vivo','Vivo v7 Plus','1.8GHz Octa-C',399000,'4GB RAM, 64GB Internal',NULL,'5.99\"','16MP/24Mp',NULL,NULL,'3225mAh','images/1533801453.vivo-v7-plus-0.jpg','2018-08-08 18:57:33','2018-08-08 18:57:33'),(988,14,24,'Vivo','Vivo V7','1.8GHz Octa-C',299000,'4GB RAM, 32GB Internal',NULL,'5.7\"','16MP/24Mp',NULL,NULL,'3000mAh','images/1533801654.vivo-v7-1.jpg','2018-08-08 19:00:54','2018-08-08 19:00:54'),(989,14,24,'Vivo','Vivo Y65','Snapdragon 1.4GHz',259000,'3GB RAM, 16GB Internl',NULL,'5.2\"','13MP/5MP',NULL,NULL,'3000mAh','images/1533801919.vivo-y65-1.jpg','2018-08-08 19:05:20','2018-08-08 19:05:20'),(990,14,24,'Xiaomi','Xiaomi MI A1','2.0GHz Octa-C',319000,'4GB RAM, 64GB Internal',NULL,'5.5\"','12MP/5MP',NULL,NULL,'3080mAh','images/1533802096.xiaomi-mi-a1-3.jpg','2018-08-08 19:08:16','2018-08-08 19:08:16'),(991,14,24,'Xiaomi','Xiaomi Note 4','2.5GHz Quad-C',239000,'4GB RAM, 64GB Internal',NULL,'5.5\"','13MP',NULL,NULL,'4100mAh','images/1533802233.xiaomi-redmi-note4-sn-1.jpg','2018-08-08 19:10:33','2018-08-08 19:10:33'),(992,14,24,'Xiaomi','Xiaomi Note 5A (Prime)','1.4GHZ Octa-C',169000,'3GB RAM, 32GB Internal',NULL,'5.5\"','13MP/16MP',NULL,NULL,'3080mAh','images/1533802387.xiaomi-redmi-note-5a-2.jpg','2018-08-08 19:13:07','2018-08-08 19:13:07'),(993,14,24,'Xiaomi','Xiaomi MI 4A','425GHz Quad-C',140000,'2GB RAM, 32GB Internal',NULL,'5\"','13MP/5MP',NULL,NULL,'3120mAh','images/1533802538.xiaomi-redmi-4a-2.jpg','2018-08-08 19:15:38','2018-08-08 19:15:38'),(994,14,24,'Oppo','Oppo F5','2.0GHz Octa-C',369000,'4GB RAM, 32GB Internal',NULL,'6\"','20MP+16MP',NULL,NULL,'3200mAh','images/1533803005.oppo-f5-youth-a73-1.jpg','2018-08-08 19:23:25','2018-08-08 19:23:25'),(995,14,24,'Oppo','Oppp F5 Youth','2.5GHz Octa-C',319000,'3GB RAM, 32GB Internal',NULL,'6\"','16MP',NULL,NULL,'3200mAh','images/1533803180.oppo-f5-youth-a73-1.jpg','2018-08-08 19:26:20','2018-08-08 19:26:20'),(996,14,24,'Other','Canon, LBP 2900',NULL,193000,NULL,NULL,NULL,NULL,NULL,NULL,NULL,'images/1533806429.download(2).jpeg','2018-08-08 20:20:29','2018-08-08 20:20:29'),(997,14,24,'Other','Fuji xerox, M115Z',NULL,210,NULL,NULL,NULL,NULL,NULL,NULL,NULL,'images/1533806598.download(3).jpeg','2018-08-08 20:23:18','2018-08-08 20:23:18'),(998,14,24,'Other','Fuji Xerox, M265Z',NULL,368,NULL,NULL,NULL,NULL,NULL,NULL,NULL,'images/1533806742.images.jpeg','2018-08-08 20:25:42','2018-08-08 20:25:42'),(999,14,24,'Other','Lenovo, Think E1922S 18.5\" Monitor',NULL,94,NULL,NULL,NULL,NULL,NULL,NULL,NULL,'images/1533806828.download(4).jpeg','2018-08-08 20:27:08','2018-08-08 20:27:08'),(1000,15,25,'MSI','GS63 7RD','Core i7 7700 HQ',1112,'8GB RAM','1TB HDD','15.6\" Display',NULL,'2slots','Black','3 Cells Battery','images/1533828107.msi.png','2018-07-28 20:10:25','2018-08-09 02:21:48'),(1001,15,25,'Asus','X541NA','Celeron N3350',312,'4GB RAM','500GB HDD','15.6\" Display',NULL,'1 slots','Grey','3 Cells Battery','images/1532856157.asus.jpg','2018-07-28 20:22:37','2018-08-09 01:56:13'),(1002,15,25,'Samsung','Samsung  Galaxy Tab J','1.5GHz Quad-C',259000,'1.5GB RAM , 8GB Internal',NULL,'7.0\"','5MP+2MP',NULL,NULL,'4000mAh','images/1533789457.samsung-galaxy-j-tablet.jpg','2018-08-08 15:37:13','2018-08-08 15:39:00'),(1003,15,25,'Huawei','Huawei T3','1.4GHz Quad-C',269000,'2GB RAM, 16GB Internal',NULL,'10.0\"','8MP + 5MP',NULL,NULL,'4800mAh','images/1533789884.huawei-mediapad-t3-10.jpg','2018-08-08 15:44:44','2018-08-08 15:44:44'),(1004,15,25,'Huawei','Huawei M3 Lite','2.3GHz Octa-C',379000,'3GB RAM, 32GB Internal',NULL,'8.0\"','8MP/8MP',NULL,NULL,'4800mAh','images/1533790123.huawei-mediapad-m3-8-lite-1.jpg','2018-08-08 15:48:43','2018-08-08 15:48:43'),(1005,15,25,'Huawei','Huawei T1','1.2GHz Quad-C',119000,'1GB RAM, 8GB Internal',NULL,'7.0\"','2MP/2MP',NULL,NULL,'4100mAh','images/1533790317.huawei-mediapad-t1-70-1.jpg','2018-08-08 15:51:57','2018-08-08 15:51:57'),(1006,15,25,'Huawei','Huawei T3 7\"','1.3GHz Quad-C',125000,'1GB RAM, 8GB Internal',NULL,'7.0\"','2MP/2MP',NULL,NULL,'3100mAh','images/1533790478.huawei-mediapad-t3-7.jpg','2018-08-08 15:54:38','2018-08-08 15:54:38'),(1007,15,25,'Huawei','Huawei T3 8\"','1.3GHz Quad-C',185000,'2GB RAM, 16GB Internal',NULL,'8.0\"','2MP/2MP',NULL,NULL,'4800mAh','images/1533790607.huawei-mediapad-t3-8-5.jpg','2018-08-08 15:56:47','2018-08-08 15:56:47'),(1008,15,25,'Oppo','Oppo A37','1.5GHz Quad-C',169000,'2GB RAM, 16GB Internal',NULL,'5\"','8MP/5MP',NULL,NULL,'2630mAh','images/1533790777.oppo-a37-1.jpg','2018-08-08 15:59:37','2018-08-08 15:59:37'),(1009,15,25,'Samsung','Samsung J2 (Pro)','1.4GHz Quad-C',182000,'1.5GB RAM , 16GB Internal',NULL,'5\"','8MP/5MP',NULL,NULL,'2600mAh','images/1533790918.samsung-galaxy-j2-sm-j250-0.jpg','2018-08-08 16:01:58','2018-08-08 16:01:58'),(1010,15,25,'Samsung','Samsung J2 (Prime)','1.2GHz Quad-C',159000,'1.5GB RAM , 8GB Internal',NULL,'5\"','8MP',NULL,NULL,'2600mAh','images/1533791041.samsung-galaxy-j2-prime-2016-2.jpg','2018-08-08 16:04:01','2018-08-08 16:04:01'),(1011,15,25,'Samsung','Samsung On7','1.4GHz Quad-C',159000,'1.5GB RAM , 8GB Internal',NULL,'5.5\"','13MP',NULL,NULL,'3000mAh','images/1533791265.samsung-galaxy-on7-1.jpg','2018-08-08 16:07:45','2018-08-08 16:07:45'),(1012,15,25,'Vivo','Vivo Y53','1.4GHz Quad-C',169000,'2GB RAM, 16GB Internal',NULL,'5\"','8MP/5MP',NULL,NULL,'2500mAh','images/1533791672.vivo-y53-1.jpg','2018-08-08 16:14:32','2018-08-08 16:14:32'),(1013,15,25,'Samsung','Samsung Galaxy S8+','Octa-Core',1055000,'4GB RAM, 64GB Internal',NULL,'6.2\"',NULL,NULL,NULL,'3500mAh','images/1533800537.samsung-galaxy-s8-plus-.jpg','2018-08-08 18:42:17','2018-08-08 18:42:17'),(1014,15,25,'Samsung','Samsung A8(2018)','2.2GHz Dual + 1.6Hz hexa',615000,'4GB RAM, 32GB Internal',NULL,'5.6\"',NULL,NULL,NULL,'3000mAh','images/1533800789.samsung-galaxy-a8-a530f-2.jpg','2018-08-08 18:46:29','2018-08-08 18:46:29'),(1015,15,25,'Huawei','Huawei Nova 2i','2.36GHz Octa-C',339000,'4GB RAM, 64GB Internal',NULL,'5.5\"','16+2MP/13+2MP',NULL,NULL,NULL,'images/1533801023.download(1).jpeg','2018-08-08 18:50:23','2018-08-08 18:50:23'),(1016,15,25,'Huawei','Huawei P10 Plus','2.4GHz Octa-C',799000,'4GB RAM, 64GB Internal',NULL,'5.5\"','20+12MP/8MP Leica',NULL,NULL,'3750mAh','images/1533801206.huawei-p10-plus-r1.jpg','2018-08-08 18:53:26','2018-08-08 18:53:26'),(1017,15,25,'Vivo','Vivo v7 Plus','1.8GHz Octa-C',399000,'4GB RAM, 64GB Internal',NULL,'5.99\"','16MP/24Mp',NULL,NULL,'3225mAh','images/1533801453.vivo-v7-plus-0.jpg','2018-08-08 18:57:33','2018-08-08 18:57:33'),(1018,15,25,'Vivo','Vivo V7','1.8GHz Octa-C',299000,'4GB RAM, 32GB Internal',NULL,'5.7\"','16MP/24Mp',NULL,NULL,'3000mAh','images/1533801654.vivo-v7-1.jpg','2018-08-08 19:00:54','2018-08-08 19:00:54'),(1019,15,25,'Vivo','Vivo Y65','Snapdragon 1.4GHz',259000,'3GB RAM, 16GB Internl',NULL,'5.2\"','13MP/5MP',NULL,NULL,'3000mAh','images/1533801919.vivo-y65-1.jpg','2018-08-08 19:05:20','2018-08-08 19:05:20'),(1020,15,25,'Xiaomi','Xiaomi MI A1','2.0GHz Octa-C',319000,'4GB RAM, 64GB Internal',NULL,'5.5\"','12MP/5MP',NULL,NULL,'3080mAh','images/1533802096.xiaomi-mi-a1-3.jpg','2018-08-08 19:08:16','2018-08-08 19:08:16'),(1021,15,25,'Xiaomi','Xiaomi Note 4','2.5GHz Quad-C',239000,'4GB RAM, 64GB Internal',NULL,'5.5\"','13MP',NULL,NULL,'4100mAh','images/1533802233.xiaomi-redmi-note4-sn-1.jpg','2018-08-08 19:10:33','2018-08-08 19:10:33'),(1022,15,25,'Xiaomi','Xiaomi Note 5A (Prime)','1.4GHZ Octa-C',169000,'3GB RAM, 32GB Internal',NULL,'5.5\"','13MP/16MP',NULL,NULL,'3080mAh','images/1533802387.xiaomi-redmi-note-5a-2.jpg','2018-08-08 19:13:07','2018-08-08 19:13:07'),(1023,15,25,'Xiaomi','Xiaomi MI 4A','425GHz Quad-C',140000,'2GB RAM, 32GB Internal',NULL,'5\"','13MP/5MP',NULL,NULL,'3120mAh','images/1533802538.xiaomi-redmi-4a-2.jpg','2018-08-08 19:15:38','2018-08-08 19:15:38'),(1024,15,25,'Oppo','Oppo F5','2.0GHz Octa-C',369000,'4GB RAM, 32GB Internal',NULL,'6\"','20MP+16MP',NULL,NULL,'3200mAh','images/1533803005.oppo-f5-youth-a73-1.jpg','2018-08-08 19:23:25','2018-08-08 19:23:25'),(1025,15,25,'Oppo','Oppp F5 Youth','2.5GHz Octa-C',319000,'3GB RAM, 32GB Internal',NULL,'6\"','16MP',NULL,NULL,'3200mAh','images/1533803180.oppo-f5-youth-a73-1.jpg','2018-08-08 19:26:20','2018-08-08 19:26:20'),(1026,15,25,'Other','Canon, LBP 2900',NULL,193000,NULL,NULL,NULL,NULL,NULL,NULL,NULL,'images/1533806429.download(2).jpeg','2018-08-08 20:20:29','2018-08-08 20:20:29'),(1027,15,25,'Other','Fuji xerox, M115Z',NULL,210,NULL,NULL,NULL,NULL,NULL,NULL,NULL,'images/1533806598.download(3).jpeg','2018-08-08 20:23:18','2018-08-08 20:23:18'),(1028,15,25,'Other','Fuji Xerox, M265Z',NULL,368,NULL,NULL,NULL,NULL,NULL,NULL,NULL,'images/1533806742.images.jpeg','2018-08-08 20:25:42','2018-08-08 20:25:42'),(1029,15,25,'Other','Lenovo, Think E1922S 18.5\" Monitor',NULL,94,NULL,NULL,NULL,NULL,NULL,NULL,NULL,'images/1533806828.download(4).jpeg','2018-08-08 20:27:08','2018-08-08 20:27:08');
/*!40000 ALTER TABLE `items` ENABLE KEYS */;
UNLOCK TABLES;

--
-- Table structure for table `migrations`
--

DROP TABLE IF EXISTS `migrations`;
/*!40101 SET @saved_cs_client     = @@character_set_client */;
/*!40101 SET character_set_client = utf8 */;
CREATE TABLE `migrations` (
  `id` int(10) unsigned NOT NULL AUTO_INCREMENT,
  `migration` varchar(255) COLLATE utf8mb4_unicode_ci NOT NULL,
  `batch` int(11) NOT NULL,
  PRIMARY KEY (`id`)
) ENGINE=InnoDB AUTO_INCREMENT=6 DEFAULT CHARSET=utf8mb4 COLLATE=utf8mb4_unicode_ci;
/*!40101 SET character_set_client = @saved_cs_client */;

--
-- Dumping data for table `migrations`
--

LOCK TABLES `migrations` WRITE;
/*!40000 ALTER TABLE `migrations` DISABLE KEYS */;
INSERT INTO `migrations` VALUES (1,'2014_10_12_000000_create_users_table',1),(2,'2014_10_12_100000_create_password_resets_table',1),(3,'2018_07_27_033903_create_shop_table',1),(4,'2018_07_27_044641_create_branch_table',1),(5,'2018_07_27_064023_create_item_tables',1);
/*!40000 ALTER TABLE `migrations` ENABLE KEYS */;
UNLOCK TABLES;

--
-- Table structure for table `password_resets`
--

DROP TABLE IF EXISTS `password_resets`;
/*!40101 SET @saved_cs_client     = @@character_set_client */;
/*!40101 SET character_set_client = utf8 */;
CREATE TABLE `password_resets` (
  `email` varchar(255) COLLATE utf8mb4_unicode_ci NOT NULL,
  `token` varchar(255) COLLATE utf8mb4_unicode_ci NOT NULL,
  `created_at` timestamp NULL DEFAULT NULL,
  KEY `password_resets_email_index` (`email`)
) ENGINE=InnoDB DEFAULT CHARSET=utf8mb4 COLLATE=utf8mb4_unicode_ci;
/*!40101 SET character_set_client = @saved_cs_client */;

--
-- Dumping data for table `password_resets`
--

LOCK TABLES `password_resets` WRITE;
/*!40000 ALTER TABLE `password_resets` DISABLE KEYS */;
/*!40000 ALTER TABLE `password_resets` ENABLE KEYS */;
UNLOCK TABLES;

--
-- Table structure for table `shops`
--

DROP TABLE IF EXISTS `shops`;
/*!40101 SET @saved_cs_client     = @@character_set_client */;
/*!40101 SET character_set_client = utf8 */;
CREATE TABLE `shops` (
  `id` int(10) unsigned NOT NULL AUTO_INCREMENT,
  `name` varchar(255) COLLATE utf8mb4_unicode_ci NOT NULL,
  `image` varchar(255) COLLATE utf8mb4_unicode_ci NOT NULL,
  `created_at` timestamp NULL DEFAULT NULL,
  `updated_at` timestamp NULL DEFAULT NULL,
  PRIMARY KEY (`id`)
) ENGINE=InnoDB AUTO_INCREMENT=16 DEFAULT CHARSET=utf8mb4 COLLATE=utf8mb4_unicode_ci;
/*!40101 SET character_set_client = @saved_cs_client */;

--
-- Dumping data for table `shops`
--

LOCK TABLES `shops` WRITE;
/*!40000 ALTER TABLE `shops` DISABLE KEYS */;
INSERT INTO `shops` VALUES (1,'KMD','images/1532749332.kmd.jpg','2018-07-27 21:12:12','2018-07-27 21:12:12'),(2,'Citicom','images/1532749360.citicom.jpg','2018-07-27 21:12:40','2018-07-27 21:12:40'),(3,'unique','images/1536738109.Screenshotfrom2018-09-1214-11-15.png','2018-08-19 21:16:21','2018-09-12 01:11:49'),(4,'BaNANA','images/1536738705.banana.png','2018-09-12 01:21:45','2018-09-12 01:21:45'),(5,'Technoland','images/1536738832.dd7eb3b63aadcf545ebb2caf3c66a14b.jpg','2018-09-12 01:23:52','2018-09-12 01:23:52'),(6,'Convergent Myanmar Co., Ltd.','images/1536738986.Screenshotfrom2018-09-1214-25-46.png','2018-09-12 01:26:26','2018-09-12 01:26:26'),(7,'Access Spectrum','images/1536739598.Screenshotfrom2018-09-1214-36-10.png','2018-09-12 01:36:38','2018-09-12 01:36:38'),(8,'ABC Computer & Electronics','images/1536740094.Screenshotfrom2018-09-1214-44-26.png','2018-09-12 01:44:54','2018-09-12 01:44:54'),(9,'Innwa','images/1536740322.Screenshotfrom2018-09-1214-48-22.png','2018-09-12 01:48:42','2018-09-12 01:48:42'),(10,'DO DO KO KO','images/1536740939.Screenshotfrom2018-09-1214-58-31.png','2018-09-12 01:58:59','2018-09-12 01:58:59'),(11,'CNP','images/1536744899.18952940_816252801862585_3152390133430477862_n.jpg','2018-09-12 03:04:59','2018-09-12 03:04:59'),(12,'Winter Root','images/1536745202.18275215_1318292594913530_8206134641570214214_n.jpg','2018-09-12 03:10:03','2018-09-12 03:10:03'),(13,'VENDOR','images/1536808979.Screenshotfrom2018-09-1309-52-23.png','2018-09-12 20:53:00','2018-09-12 20:53:00'),(14,'ADT','images/1536809190.33849147_1005075202988246_4947555037954965504_n.jpg','2018-09-12 20:56:30','2018-09-12 20:56:30'),(15,'F@X Computer','images/1536810348.15895151_1186340431481829_6847332346202107772_n.jpg','2018-09-12 21:15:48','2018-09-12 21:15:48');
/*!40000 ALTER TABLE `shops` ENABLE KEYS */;
UNLOCK TABLES;

--
-- Table structure for table `users`
--

DROP TABLE IF EXISTS `users`;
/*!40101 SET @saved_cs_client     = @@character_set_client */;
/*!40101 SET character_set_client = utf8 */;
CREATE TABLE `users` (
  `id` int(10) unsigned NOT NULL AUTO_INCREMENT,
  `name` varchar(255) COLLATE utf8mb4_unicode_ci NOT NULL,
  `email` varchar(255) COLLATE utf8mb4_unicode_ci NOT NULL,
  `password` varchar(255) COLLATE utf8mb4_unicode_ci NOT NULL,
  `remember_token` varchar(100) COLLATE utf8mb4_unicode_ci DEFAULT NULL,
  `created_at` timestamp NULL DEFAULT NULL,
  `updated_at` timestamp NULL DEFAULT NULL,
  PRIMARY KEY (`id`),
  UNIQUE KEY `users_email_unique` (`email`)
) ENGINE=InnoDB AUTO_INCREMENT=3 DEFAULT CHARSET=utf8mb4 COLLATE=utf8mb4_unicode_ci;
/*!40101 SET character_set_client = @saved_cs_client */;

--
-- Dumping data for table `users`
--

LOCK TABLES `users` WRITE;
/*!40000 ALTER TABLE `users` DISABLE KEYS */;
INSERT INTO `users` VALUES (1,'thura','mgaungthurawin@gmail.com','$2y$10$CSRyGAt09ifFFk87XXGenuz6UvExVABgnkyTWNLlM8Q2LFOa6gVb2',NULL,'2018-07-27 21:10:28','2018-07-27 21:10:28'),(2,'Than Toe Aung','thantoeaung@gmail.com','$2y$10$RGmpDkrrBO5NOFr8/WlVMeMh6AQmg0Xb1AYpk11SQYY3dbd62BuTO',NULL,'2018-08-18 21:20:13','2018-08-18 21:20:13');
/*!40000 ALTER TABLE `users` ENABLE KEYS */;
UNLOCK TABLES;
/*!40103 SET TIME_ZONE=@OLD_TIME_ZONE */;

/*!40101 SET SQL_MODE=@OLD_SQL_MODE */;
/*!40014 SET FOREIGN_KEY_CHECKS=@OLD_FOREIGN_KEY_CHECKS */;
/*!40014 SET UNIQUE_CHECKS=@OLD_UNIQUE_CHECKS */;
/*!40101 SET CHARACTER_SET_CLIENT=@OLD_CHARACTER_SET_CLIENT */;
/*!40101 SET CHARACTER_SET_RESULTS=@OLD_CHARACTER_SET_RESULTS */;
/*!40101 SET COLLATION_CONNECTION=@OLD_COLLATION_CONNECTION */;
/*!40111 SET SQL_NOTES=@OLD_SQL_NOTES */;

-- Dump completed on 2018-09-13 13:01:54
